"uuid","base","subbase","classe_cnj","orgao_julgador","relator_id","data_julgamento","n_mentions","n_ementa","n_moral","award_ementa","award_any","harm_type"
"00d542e0-a193-41bd-9ecc-abeb004c6a38","acordaos","acordaos-tr",460,"TERCEIRA TURMA RECURSAL","e43afa8918",2024-03-18,6,3,4,2000,2000,"consumer_service"
"0111962d-cb7c-4832-8db6-7aa8d0406920","acordaos","acordaos-tr",460,"PRIMEIRA TURMA RECURSAL","73ededad40",2024-03-26,10,5,10,4000,4000,"credit_listing"
"01249c5e-f58a-4adf-8304-1b779bafbf80","acordaos","acordaos-tr",460,"TERCEIRA TURMA RECURSAL","e43afa8918",2024-03-18,2,1,2,NA,NA,"credit_listing"
"024b556e-4c20-4011-9567-0eb616e1d9d3","acordaos","acordaos-tr",460,"TERCEIRA TURMA RECURSAL","e43afa8918",2024-03-18,12,6,10,3000,3000,"medical"
"0254050b-3577-4bbd-8495-6ed71aff3a55","acordaos","acordaos",417,"3ª TURMA CRIMINAL","f41922db99",2024-03-07,5,0,4,NA,1000,"other"
"02a79c64-059b-4468-aa39-0768b0dd82a7","acordaos","acordaos-tr",460,"TERCEIRA TURMA RECURSAL","aa0cab12a8",2024-03-18,6,3,4,NA,NA,"banking_fraud"
"02a9d314-db80-4163-95e8-7b326ba63c05","acordaos","acordaos",198,"6ª TURMA CÍVEL","0915b060c7",2024-03-26,5,0,1,NA,10000,"honor_privacy"
"02d9b263-0522-401b-a0ef-b36484b0ce1a","acordaos","acordaos-tr",460,"PRIMEIRA TURMA RECURSAL","c6e9121773",2024-03-01,13,3,9,2000,2000,"consumer_service"
"03115177-74e2-4cfc-bf0a-91703a7ee12c","acordaos","acordaos",198,"3ª TURMA CÍVEL","8e30f54e7a",2024-03-07,6,0,4,NA,5000,"medical"
"035906a8-a1cc-48f0-8b8f-084a4bb2ba26","acordaos","acordaos",198,"4ª TURMA CÍVEL","dc185fdca3",2024-03-06,8,0,1,NA,NA,"banking_fraud"
"03ad661e-c2ad-47a0-a1ee-a21503a4ffb7","acordaos","acordaos-tr",460,"SEGUNDA TURMA RECURSAL","914b495bd0",2024-03-18,10,5,6,25000,25000,"credit_listing"
"04a49fe2-f586-4762-ae29-6d42fd20e954","acordaos","acordaos-tr",460,"PRIMEIRA TURMA RECURSAL","a54167199f",2024-03-26,17,7,14,5000,2000,"wrongful_death"
"04d2175c-5c4c-406f-84ec-baa39fd19e0b","acordaos","acordaos-tr",460,"SEGUNDA TURMA RECURSAL","5e0c5ae3c3",2024-03-04,4,2,4,2000,2000,"consumer_service"
"04ed1a3c-b2a5-4389-90f7-7710e730c1b8","acordaos","acordaos",1689,"1ª TURMA CÍVEL","c540fdb8bf",2024-03-20,6,0,2,NA,NA,"banking_fraud"
"05d65ffc-3f2c-4def-9b50-69649207079c","acordaos","acordaos-tr",460,"PRIMEIRA TURMA RECURSAL","a54167199f",2024-03-01,6,3,2,NA,NA,"other"
"060a794f-ab33-4f5e-ae6c-d93f265e5117","acordaos","acordaos",198,"1ª TURMA CÍVEL","c540fdb8bf",2024-03-20,39,0,7,NA,5000,"other"
"06a748a8-a645-4051-9e0a-4483b672452e","acordaos","acordaos-tr",460,"SEGUNDA TURMA RECURSAL","9868b4f5a5",2024-03-04,4,2,2,2000,2000,"credit_listing"
"06b0879d-0436-4047-a058-f748fe18083d","acordaos","acordaos-tr",460,"PRIMEIRA TURMA RECURSAL","a54167199f",2024-03-01,8,4,4,NA,NA,"other"
"07d0c4aa-d772-4e78-8582-a1c90634212f","acordaos","acordaos",198,"6ª TURMA CÍVEL","9f4ca60681",2024-03-20,2,0,0,NA,NA,"other"
"07eae545-d6af-43d2-81aa-416db91efed8","acordaos","acordaos",417,"3ª TURMA CRIMINAL","f41922db99",2024-03-14,3,0,1,NA,1000,"other"
"08b254b4-f077-47c2-ace6-8badd157f205","acordaos","acordaos-tr",460,"PRIMEIRA TURMA RECURSAL","73ededad40",2024-03-26,20,10,8,5000,5000,"credit_listing"
"08c2ca88-58ed-4fe5-988e-9b8a248be989","acordaos","acordaos-tr",1689,"TERCEIRA TURMA RECURSAL","a0f8949691",2024-03-18,0,NA,NA,NA,NA,"other"
"08d860b1-5890-480c-90c4-5944f6399ba9","acordaos","acordaos-tr",460,"TERCEIRA TURMA RECURSAL","a0f8949691",2024-03-18,6,3,2,NA,NA,"other"
"0959e3b1-c4fb-40b6-b40a-03dcff8b3791","acordaos","acordaos-tr",460,"TERCEIRA TURMA RECURSAL","249fd17014",2024-03-18,6,1,5,NA,5000,"medical"
"098fca10-d803-4042-a56c-1100aa851559","acordaos","acordaos",1689,"1ª TURMA CÍVEL","c540fdb8bf",2024-03-21,0,NA,NA,NA,NA,"medical"
"09abaa26-473b-4d39-ac2e-1cd713e2f935","acordaos","acordaos-tr",460,"TERCEIRA TURMA RECURSAL","aa0cab12a8",2024-03-18,34,17,10,4000,4000,"banking_fraud"
"09ecade7-f393-45ba-a0e9-53a2d6cad4d1","acordaos","acordaos-tr",460,"TERCEIRA TURMA RECURSAL","a0f8949691",2024-03-18,0,NA,NA,NA,NA,"medical"
"0a10a430-2f51-4c08-b37a-0a733d42f70e","acordaos","acordaos-tr",460,"TERCEIRA TURMA RECURSAL","aa0cab12a8",2024-03-18,6,3,2,NA,NA,"consumer_service"
"0a45162f-8804-4e0d-ada3-890aa0b42744","acordaos","acordaos",198,"1ª TURMA CÍVEL","3d2279fc77",2024-03-06,4,0,3,NA,NA,"medical"
"0a8c17a0-0f5e-4089-a527-f60cfbfc88b3","acordaos","acordaos",198,"6ª TURMA CÍVEL","9f4ca60681",2024-03-13,14,0,7,NA,5000,"air_travel"
"0ae58d0a-1896-42ed-bc6d-f4bf46dfe1c4","acordaos","acordaos-tr",460,"SEGUNDA TURMA RECURSAL","9868b4f5a5",2024-03-04,8,4,4,1000,1000,"credit_listing"
"0b0ff62a-fd05-4cd2-aebb-8e3fd8fb952d","acordaos","acordaos",417,"1ª TURMA CRIMINAL","662aeab684",2024-03-14,4,0,4,NA,NA,"other"
"0bb56bbd-3dad-41aa-ac9d-5a5dd45963fd","acordaos","acordaos-tr",460,"PRIMEIRA TURMA RECURSAL","a54167199f",2024-03-01,2,1,2,NA,NA,"other"
"0c03d126-99a8-40dd-980f-b63bbd44491a","acordaos","acordaos",198,"1ª TURMA CÍVEL","3d2279fc77",2024-03-20,7,0,1,NA,NA,"honor_privacy"
"0ce14427-ac83-4e4c-a604-3dc5ff71291a","acordaos","acordaos-tr",460,"PRIMEIRA TURMA RECURSAL","ef7646018c",2024-03-26,6,3,2,NA,NA,"other"
"0d34f4e6-15aa-45d0-8284-2d4360ea3021","acordaos","acordaos",198,"8ª TURMA CÍVEL","bdca023e1d",2024-03-05,11,0,1,NA,NA,"wrongful_death"
"0d471c61-95be-43a0-acc4-3894ea0d253b","acordaos","acordaos-tr",460,"PRIMEIRA TURMA RECURSAL","a54167199f",2024-03-01,8,4,6,3000,3000,"other"
"0d51f194-27b6-4289-bdd3-725cfa19b7cd","acordaos","acordaos-tr",460,"TERCEIRA TURMA RECURSAL","e43afa8918",2024-03-18,10,5,4,NA,NA,"medical"
"0da7a990-63bc-474f-a4d4-ff0a5775ad99","acordaos","acordaos-tr",460,"PRIMEIRA TURMA RECURSAL","a54167199f",2024-03-26,4,2,4,NA,NA,"medical"
"0dc4e838-cec3-4eb9-b60f-f20fa00b70d8","acordaos","acordaos-tr",460,"PRIMEIRA TURMA RECURSAL","ef7646018c",2024-03-01,2,1,2,NA,NA,"credit_listing"
"0e2f27bb-75a8-4512-b05d-66e5764d9b42","acordaos","acordaos",198,"8ª TURMA CÍVEL","bdca023e1d",2024-03-12,6,0,0,NA,NA,"honor_privacy"
"0e5a28c2-601b-44be-b4cf-88a54b217817","acordaos","acordaos-tr",1689,"PRIMEIRA TURMA RECURSAL","73ededad40",2024-03-26,2,1,0,NA,NA,"banking_fraud"
"0ef25eb2-100a-4d92-b0d3-818e7e39a70d","acordaos","acordaos",198,"5ª TURMA CÍVEL","8a4888bf5e",2024-03-06,2,0,1,NA,NA,"credit_listing"
"0f00ea11-5c7b-422c-b023-6c1ad350f280","acordaos","acordaos",198,"1ª TURMA CÍVEL","3d2279fc77",2024-03-06,3,0,3,NA,30000,"air_travel"
"0f24bc86-07a9-4f04-84c4-4c13a3455d77","acordaos","acordaos-tr",460,"SEGUNDA TURMA RECURSAL","5e0c5ae3c3",2024-03-18,0,NA,NA,NA,NA,"consumer_service"
"0f41bbba-155c-4b0b-b9d0-1e4c395f8370","acordaos","acordaos-tr",460,"TERCEIRA TURMA RECURSAL","aa0cab12a8",2024-03-18,12,6,4,10425.19,10425.19,"credit_listing"
"0f9c6af0-2178-4635-bc16-03584549d8c7","acordaos","acordaos",417,"2ª TURMA CRIMINAL","875abf85dd",2024-03-25,12,2,11,500,500,"wrongful_death"
"0ffe2f2e-dd96-4691-9ead-da17073e7fa1","acordaos","acordaos-tr",460,"PRIMEIRA TURMA RECURSAL","a54167199f",2024-03-26,4,2,0,NA,NA,"air_travel"
"1092f8cc-621c-442a-8657-cc2e6b453f1a","acordaos","acordaos-tr",460,"TERCEIRA TURMA RECURSAL","aa0cab12a8",2024-03-18,10,5,8,2000,2000,"air_travel"
"109b2bc7-f50a-45e8-9333-322afe759864","acordaos","acordaos",198,"6ª TURMA CÍVEL","07312dd681",2024-03-20,10,0,3,NA,20000,"wrongful_death"
"10a8c198-a07a-465d-9a09-167aa7a2c596","acordaos","acordaos-tr",460,"PRIMEIRA TURMA RECURSAL","a54167199f",2024-03-26,10,5,6,NA,NA,"consumer_service"
"10f33475-bc06-4e59-a01e-78134671db7e","acordaos","acordaos-tr",460,"PRIMEIRA TURMA RECURSAL","a54167199f",2024-03-26,8,4,6,NA,NA,"other"
"113581b4-1378-4e2e-b92b-285782df2f1d","acordaos","acordaos",417,"1ª TURMA CRIMINAL","e48f5e14a5",2024-03-07,3,0,3,NA,400,"other"
"1230ed03-7a04-4b8a-b5a2-977167e60b4b","acordaos","acordaos",202,"6ª TURMA CÍVEL","07312dd681",2024-03-06,2,0,2,NA,5000,"other"
"125f6177-d957-4b27-8085-a691d3e2f835","acordaos","acordaos",198,"3ª TURMA CÍVEL","f0c2fc1313",2024-03-07,7,1,7,5000,5000,"other"
"1272e863-c054-45e0-902f-cf8a7fa61077","acordaos","acordaos-tr",460,"TERCEIRA TURMA RECURSAL","e43afa8918",2024-03-18,8,4,8,4000,4000,"air_travel"
"1280dac9-415b-4136-950a-8c28cbf3b9d9","acordaos","acordaos-tr",460,"SEGUNDA TURMA RECURSAL","592078c0d0",2024-03-04,14,7,4,5000,5000,"air_travel"
"1388439a-8050-412c-8c11-059cd0437379","acordaos","acordaos",198,"5ª TURMA CÍVEL","8a4888bf5e",2024-03-07,3,0,2,NA,NA,"other"
"13b8a78a-2d2e-4605-bf68-78cffabb5f1b","acordaos","acordaos-tr",460,"PRIMEIRA TURMA RECURSAL","c6e9121773",2024-03-26,12,4,8,3000,3000,"state_liability"
"13de1c0a-d993-4559-b161-ae675a2fa0b5","acordaos","acordaos",198,"4ª TURMA CÍVEL","ea4916549f",2024-03-21,2,0,1,NA,NA,"other"
"1483df36-310e-4a6d-8fdf-07d75ddd68a6","acordaos","acordaos-tr",460,"TERCEIRA TURMA RECURSAL","a0f8949691",2024-03-18,16,8,6,2000,2000,"consumer_service"
"14eeaecb-f3b1-4205-8433-7d9d80476ec5","acordaos","acordaos-tr",460,"TERCEIRA TURMA RECURSAL","249fd17014",2024-03-18,21,5,13,NA,NA,"air_travel"
"154b49e9-b17c-48ef-8298-541761a98948","acordaos","acordaos",198,"6ª TURMA CÍVEL","07312dd681",2024-03-20,11,1,7,400000,400000,"other"
"159e8db5-387c-4661-8f62-de56fa1d89a5","acordaos","acordaos",198,"7ª TURMA CÍVEL","f6abe097b7",2024-03-20,27,0,7,NA,6000,"other"
"15d730ce-1276-4d90-b80b-7439b90c721e","acordaos","acordaos-tr",460,"SEGUNDA TURMA RECURSAL","592078c0d0",2024-03-18,4,2,4,NA,NA,"other"
"16557e97-3fc1-48f9-9dd3-8842000c631c","acordaos","acordaos",198,"3ª TURMA CÍVEL","8e30f54e7a",2024-03-06,3,0,3,NA,5000,"other"
"16c58450-c710-43df-a00d-008d901162e8","acordaos","acordaos",417,"1ª TURMA CRIMINAL","662aeab684",2024-03-14,2,0,2,NA,NA,"other"
"170c3e0a-ce5d-4dc1-9e61-8a218bb4f888","acordaos","acordaos-tr",460,"PRIMEIRA TURMA RECURSAL","a54167199f",2024-03-26,6,3,4,NA,NA,"medical"
"1821b9ca-2f95-4f66-a315-cd61afe9966e","acordaos","acordaos-tr",460,"PRIMEIRA TURMA RECURSAL","73ededad40",2024-03-26,4,2,2,NA,NA,"other"
"18296f0e-a750-4b7e-ba78-8c1e7356296c","acordaos","acordaos-tr",460,"SEGUNDA TURMA RECURSAL","9868b4f5a5",2024-03-18,16,8,2,2000,2000,"consumer_service"
"18561b12-5d3e-4bf2-bd8b-96189ba83985","acordaos","acordaos",198,"2ª TURMA CÍVEL","4981944123",2024-03-06,21,4,1,NA,NA,"honor_privacy"
"18577716-61b1-4e71-aa4c-e3617d15891a","acordaos","acordaos-tr",460,"TERCEIRA TURMA RECURSAL","e43afa8918",2024-03-18,0,NA,NA,NA,NA,"consumer_service"
"196b9ce4-734b-4607-87d1-57e07c3444cf","acordaos","acordaos-tr",460,"PRIMEIRA TURMA RECURSAL","73ededad40",2024-03-26,6,3,6,3000,3000,"honor_privacy"
"19711c0b-4df2-40ae-8104-8e8912264f69","acordaos","acordaos",198,"8ª TURMA CÍVEL","ef7646018c",2024-03-12,1,0,0,NA,NA,"medical"
"19797e28-a287-4f18-8db6-80181dd38c9c","acordaos","acordaos-tr",460,"SEGUNDA TURMA RECURSAL","5e0c5ae3c3",2024-03-18,0,NA,NA,NA,NA,"other"
"199aaa63-cff1-47dd-a32c-30f4796c939d","acordaos","acordaos-tr",460,"SEGUNDA TURMA RECURSAL","914b495bd0",2024-03-04,6,3,6,NA,NA,"honor_privacy"
"1a3002bd-751e-4eae-8299-066ecbf060e4","acordaos","acordaos",198,"4ª TURMA CÍVEL","dc185fdca3",2024-03-06,9,0,7,NA,2000,"medical"
"1aab9256-a6d6-4cc1-bbdd-419891f693a8","acordaos","acordaos-tr",460,"PRIMEIRA TURMA RECURSAL","a54167199f",2024-03-01,6,3,6,NA,NA,"air_travel"
"1ac07fd0-ddd4-46d1-bd6e-f229aa0a29c7","acordaos","acordaos",198,"1ª TURMA CÍVEL","f726893979",2024-03-13,5,0,2,NA,7000,"medical"
"1acc2b1c-eb46-4c61-bebe-311697647749","acordaos","acordaos-tr",460,"PRIMEIRA TURMA RECURSAL","a54167199f",2024-03-26,12,6,6,4000,4000,"air_travel"
"1b052d74-98c5-4d79-a56b-ae6afea1afb4","acordaos","acordaos",198,"1ª TURMA CÍVEL","f726893979",2024-03-20,9,0,6,NA,6000,"air_travel"
"1b6f6f47-e79c-4d33-b405-caf52cc4ea15","acordaos","acordaos-tr",1689,"SEGUNDA TURMA RECURSAL","592078c0d0",2024-03-04,0,NA,NA,NA,NA,"credit_listing"
"1b96b609-ec4d-4b19-a863-8b96729ec998","acordaos","acordaos-tr",460,"PRIMEIRA TURMA RECURSAL","c6e9121773",2024-03-26,27,6,4,NA,NA,"banking_fraud"
"1c725b62-c193-4082-9864-70d36e44fabc","acordaos","acordaos",198,"6ª TURMA CÍVEL","63076d9700",2024-03-13,22,0,7,NA,10000,"consumer_service"
"1caa792c-cd87-4939-a45e-f94d7420dd16","acordaos","acordaos-tr",460,"TERCEIRA TURMA RECURSAL","a0f8949691",2024-03-18,14,7,6,10000,10000,"consumer_service"
"1d31bade-2ab5-45ca-bac2-5e7d24cb3b7e","acordaos","acordaos-tr",460,"PRIMEIRA TURMA RECURSAL","ef7646018c",2024-03-26,2,1,2,NA,NA,"other"
"1de9c4c3-574e-4ab3-810e-e1fc749e6d5f","acordaos","acordaos",198,"1ª TURMA CÍVEL","f726893979",2024-03-06,13,0,4,NA,12000,"other"
"1e74bf48-91ab-4fc2-9927-8a8495b7152a","acordaos","acordaos-tr",460,"TERCEIRA TURMA RECURSAL","aa0cab12a8",2024-03-18,4,2,4,5000,5000,"other"
"1e759553-a383-4401-b87d-8af9050deb6b","acordaos","acordaos",198,"7ª TURMA CÍVEL","a0f4d91d16",2024-03-20,11,1,5,5000,5000,"credit_listing"
"1ea19023-1bf5-4d21-b6c9-ef64d49beb86","acordaos","acordaos",417,"1ª TURMA CRIMINAL","c8368eac56",2024-03-14,3,0,3,NA,1000,"wrongful_death"
"1ed54ba1-6a42-4cb9-81cf-4f11ede499a3","acordaos","acordaos",198,"8ª TURMA CÍVEL","bdca023e1d",2024-03-12,10,0,2,NA,7000,"consumer_service"
"1faa7236-7b77-4f43-a52d-cef33953a6cb","acordaos","acordaos-tr",460,"PRIMEIRA TURMA RECURSAL","a54167199f",2024-03-01,2,1,2,5000,5000,"medical"
"1fb507a4-afc3-497b-9378-ac86092a9992","acordaos","acordaos-tr",460,"PRIMEIRA TURMA RECURSAL","a54167199f",2024-03-01,4,2,2,2000,2000,"credit_listing"
"204e31ac-fa9e-49cd-9c7e-7c2760312ec0","acordaos","acordaos",417,"1ª TURMA CRIMINAL","0bd6867b27",2024-03-21,0,NA,NA,NA,NA,"wrongful_death"
"2079ea4a-e71c-4872-8fff-e99d810bc159","acordaos","acordaos-tr",460,"SEGUNDA TURMA RECURSAL","9868b4f5a5",2024-03-18,2,1,0,NA,NA,"air_travel"
"20806077-bbb6-40a9-a327-e53549f96626","acordaos","acordaos",417,"1ª TURMA CRIMINAL","0bd6867b27",2024-03-25,0,NA,NA,NA,NA,"other"
"21045100-ddaa-46a9-94cb-ce07c5fff251","acordaos","acordaos-tr",460,"PRIMEIRA TURMA RECURSAL","73ededad40",2024-03-01,8,4,4,1000,1000,"medical"
"2176af5e-bd90-407e-a3e3-8b49117a376d","acordaos","acordaos",198,"2ª TURMA CÍVEL","d572ea40b4",2024-03-13,2,0,1,NA,NA,"credit_listing"
"219d0615-3dbe-4a12-85f2-aac21abdbc94","acordaos","acordaos-tr",460,"SEGUNDA TURMA RECURSAL","914b495bd0",2024-03-04,10,5,2,24599.01,24599.01,"credit_listing"
"22248dee-4177-4119-a606-c9183bc8708a","acordaos","acordaos",417,"3ª TURMA CRIMINAL","f41922db99",2024-03-07,4,0,3,NA,1000,"other"
"22f56986-b35e-4acd-9184-8c39005095a0","acordaos","acordaos",198,"8ª TURMA CÍVEL","5d8d470f51",2024-03-19,5,0,3,NA,2000,"credit_listing"
"2311954d-ae2d-4d4c-b03e-4dcd384f8e53","acordaos","acordaos",198,"2ª TURMA CÍVEL","d3ff666bd5",2024-03-20,9,1,5,NA,10000,"medical"
"232dd3cd-4480-44b7-8b39-b899db172d13","acordaos","acordaos-tr",460,"PRIMEIRA TURMA RECURSAL","ef7646018c",2024-03-01,8,4,4,NA,NA,"other"
"2392344c-48fe-467b-a9e3-15a68a9522d0","acordaos","acordaos",198,"8ª TURMA CÍVEL","5d8d470f51",2024-03-19,4,0,2,NA,1000,"medical"
"23a53f86-26dd-44d9-849b-b4f8460ea0cf","acordaos","acordaos-tr",460,"SEGUNDA TURMA RECURSAL","9868b4f5a5",2024-03-20,4,2,2,NA,NA,"consumer_service"
"23c74e73-5874-4725-b10e-4cd4d351a74f","acordaos","acordaos",198,"7ª TURMA CÍVEL","f6abe097b7",2024-03-06,1,0,1,NA,NA,"honor_privacy"
"241b3e78-2fbb-42f5-ae8e-ed53731079f9","acordaos","acordaos-tr",460,"PRIMEIRA TURMA RECURSAL","73ededad40",2024-03-26,12,6,4,4000,4000,"banking_fraud"
"24481797-8d68-4d54-ba7b-c4e6ac4457df","acordaos","acordaos",198,"3ª TURMA CÍVEL","f0c2fc1313",2024-03-07,4,0,2,NA,NA,"medical"
"24918cfc-df6a-477e-8be4-0e12076261df","acordaos","acordaos",198,"5ª TURMA CÍVEL","a68715f197",2024-03-07,32,4,6,NA,5000,"credit_listing"
"25b95a2c-ebb4-4ea7-a86a-9a125de64f47","acordaos","acordaos-tr",1689,"PRIMEIRA TURMA RECURSAL","c6e9121773",2024-03-26,0,NA,NA,NA,NA,"other"
"26482c99-3c50-4b49-b21c-b8d27bd77694","acordaos","acordaos",198,"1ª TURMA CÍVEL","3d2279fc77",2024-03-06,3,0,2,NA,NA,"other"
"26cb4472-b91f-478e-a2d7-25347836ccaa","acordaos","acordaos",198,"4ª TURMA CÍVEL","dc185fdca3",2024-03-20,5,0,3,NA,10000,"medical"
"27225f0e-0ee6-4059-8656-a5cdeae184d2","acordaos","acordaos-tr",460,"PRIMEIRA TURMA RECURSAL","a54167199f",2024-03-01,4,2,4,NA,NA,"honor_privacy"
"2772c056-ca66-4a07-bfea-5baa02eaa0a6","acordaos","acordaos-tr",460,"PRIMEIRA TURMA RECURSAL","c6e9121773",2024-03-26,18,6,13,5000,6000,"air_travel"
"28952645-a065-42ea-a9d5-3037c70b2f56","acordaos","acordaos",417,"2ª TURMA CRIMINAL","875abf85dd",2024-03-25,5,0,3,NA,600,"wrongful_death"
"28c7678a-ab0a-41c1-ab5d-45da56e34831","acordaos","acordaos",198,"4ª TURMA CÍVEL","f9b9a227a6",2024-03-07,0,NA,NA,NA,NA,"other"
"29746f5d-1c1b-49cb-8545-013be2175e62","acordaos","acordaos",198,"5ª TURMA CÍVEL","f07ec5c0df",2024-03-07,11,0,0,NA,NA,"other"
"29937e9c-7331-44d6-92ee-38117c17e606","acordaos","acordaos",417,"1ª TURMA CRIMINAL","662aeab684",2024-03-14,2,0,2,NA,500,"other"
"2a18dec5-1079-46f1-9ab2-f5b9da125c31","acordaos","acordaos-tr",460,"SEGUNDA TURMA RECURSAL","592078c0d0",2024-03-04,8,4,6,2000,2000,"medical"
"2a3d8acf-1cdb-4774-86cc-598b93eddeef","acordaos","acordaos",202,"8ª TURMA CÍVEL","5ef182d4af",2024-03-07,6,0,4,NA,50000,"other"
"2a52d07f-f8fd-47b1-a347-eff9a9a0e3c0","acordaos","acordaos",198,"1ª TURMA CÍVEL","3f8f67d7e7",2024-03-07,5,0,2,NA,NA,"credit_listing"
"2ab0628e-e53c-468e-bb65-978d3bbf99ca","acordaos","acordaos",198,"4ª TURMA CÍVEL","063a92aa45",2024-03-14,7,0,2,NA,NA,"other"
"2acb16b6-5756-41ed-bddb-ba5c16134d77","acordaos","acordaos",198,"3ª TURMA CÍVEL","58d40bdd82",2024-03-20,13,0,2,NA,NA,"other"
"2b3fb584-645a-460b-92c0-c80c73b12f09","acordaos","acordaos",417,"3ª TURMA CRIMINAL","e687bf02b2",2024-03-14,7,0,6,NA,1500,"other"
"2b728ede-c428-4db9-b87a-c43ebff62155","acordaos","acordaos",198,"5ª TURMA CÍVEL","c506524a36",2024-03-14,1,0,0,NA,NA,"credit_listing"
"2bbea11a-be5c-4ef6-968d-30458e65c030","acordaos","acordaos-tr",460,"PRIMEIRA TURMA RECURSAL","ef7646018c",2024-03-26,2,1,2,NA,NA,"credit_listing"
"2bbfe09f-f77b-4932-82f0-d7181b9e68d0","acordaos","acordaos-tr",460,"PRIMEIRA TURMA RECURSAL","c6e9121773",2024-03-26,8,3,7,4000,4000,"credit_listing"
"2bf6bbac-6528-4deb-92b9-cdefb2104f9d","acordaos","acordaos-tr",460,"SEGUNDA TURMA RECURSAL","9868b4f5a5",2024-03-18,25,8,13,4000,4000,"credit_listing"
"2c212f61-ecbc-46dc-8c65-d30c8c130ae4","acordaos","acordaos-tr",460,"PRIMEIRA TURMA RECURSAL","ef7646018c",2024-03-01,0,NA,NA,NA,NA,"air_travel"
"2c38aceb-44b9-443a-9abf-2b2d80041cc6","acordaos","acordaos-tr",460,"SEGUNDA TURMA RECURSAL","5e0c5ae3c3",2024-03-18,6,3,6,NA,NA,"consumer_service"
"2cfefa30-0c66-4979-9403-babe9d2f66d7","acordaos","acordaos-tr",460,"SEGUNDA TURMA RECURSAL","592078c0d0",2024-03-18,2,1,2,3000,3000,"consumer_service"
"2d6750be-5ef6-478c-ba73-7d5ade1b13c8","acordaos","acordaos-tr",460,"PRIMEIRA TURMA RECURSAL","ef7646018c",2024-03-26,10,5,4,NA,NA,"consumer_service"
"2dd3ca18-27b7-4023-aaae-eeea4fbf3bc0","acordaos","acordaos-tr",460,"SEGUNDA TURMA RECURSAL","592078c0d0",2024-03-04,2,1,0,NA,NA,"consumer_service"
"2e273444-43e9-4eee-ae2a-4a39140986a9","acordaos","acordaos",198,"4ª TURMA CÍVEL","dc185fdca3",2024-03-21,4,0,4,NA,6000,"banking_fraud"
"2e2f463a-7389-47dc-a1a3-68bc18d9502f","acordaos","acordaos-tr",460,"PRIMEIRA TURMA RECURSAL","73ededad40",2024-03-26,12,6,2,NA,NA,"credit_listing"
"2e453d30-2b69-4b40-b4a9-4a09588067e5","acordaos","acordaos",198,"3ª TURMA CÍVEL","f094397b16",2024-03-07,5,1,5,NA,NA,"medical"
"2e4e2254-a1ed-405e-b9c9-c45e461dbebf","acordaos","acordaos-tr",460,"SEGUNDA TURMA RECURSAL","5e0c5ae3c3",2024-03-04,10,5,4,1300,1300,"other"
"2eaacd54-d39f-4468-a227-8b0603fd5acd","acordaos","acordaos-tr",460,"TERCEIRA TURMA RECURSAL","e43afa8918",2024-03-18,2,1,0,NA,NA,"other"
"2eb1a0cc-921a-4a52-9403-3ba70b8ee047","acordaos","acordaos",198,"1ª TURMA CÍVEL","d9e51b3034",2024-03-13,11,0,3,NA,NA,"credit_listing"
"2f61fb8f-7569-4fe7-b3db-0c23b2589b30","acordaos","acordaos",417,"1ª TURMA CRIMINAL","a68ade2514",2024-03-25,1,0,0,NA,NA,"wrongful_death"
"2f6fdce4-fbb4-485c-b438-2f87acb9a368","acordaos","acordaos-tr",460,"PRIMEIRA TURMA RECURSAL","a54167199f",2024-03-26,2,1,0,NA,NA,"consumer_service"
"2fb50bf0-22b3-4a03-9cdd-e8ad42c141f4","acordaos","acordaos-tr",460,"PRIMEIRA TURMA RECURSAL","ef7646018c",2024-03-26,10,5,6,NA,NA,"other"
"2fdcb38f-77fb-488a-b5f1-c277d2e85f63","acordaos","acordaos",198,"1ª TURMA CÍVEL","d9e51b3034",2024-03-20,4,0,4,NA,NA,"consumer_service"
"2fde4f12-7305-421c-b667-c3ea6e537f07","acordaos","acordaos",198,"1ª TURMA CÍVEL","d9e51b3034",2024-03-06,6,0,6,NA,3000,"credit_listing"
"2fe859ef-0ff9-47eb-aac1-2759d8a26acb","acordaos","acordaos-tr",460,"PRIMEIRA TURMA RECURSAL","c6e9121773",2024-03-26,17,3,12,3000,3000,"consumer_service"
"301f76a9-3d28-448e-89a6-947eb104aa6b","acordaos","acordaos",417,"2ª TURMA CRIMINAL","7cee760b43",2024-03-07,11,0,9,NA,500,"other"
"302c3c48-9e28-48e7-b457-8aea6aae95bb","acordaos","acordaos",1689,"5ª TURMA CÍVEL","f07ec5c0df",2024-03-07,4,0,1,NA,100000,"other"
"30be3686-b03c-40ee-bc0d-44ddd5f4bbcf","acordaos","acordaos",417,"2ª TURMA CRIMINAL","fb9644293f",2024-03-07,4,0,4,NA,500,"other"
"30ce373e-858a-45e6-b608-69fef2a99966","acordaos","acordaos",198,"7ª TURMA CÍVEL","15e13c4a5d",2024-03-20,15,1,7,NA,50000,"wrongful_death"
"331e5781-04be-4849-b7b7-c9362050b40d","acordaos","acordaos-tr",460,"SEGUNDA TURMA RECURSAL","592078c0d0",2024-03-18,6,3,2,4000,4000,"air_travel"
"335a29f6-53cf-48f9-8adf-e02cf6c5b263","acordaos","acordaos",198,"1ª TURMA CÍVEL","3f8f67d7e7",2024-03-20,7,0,4,NA,5000,"medical"
"33b757ab-fc38-4a54-bae1-251c8a9f0d46","acordaos","acordaos",198,"2ª TURMA CÍVEL","d572ea40b4",2024-03-13,10,1,8,10000,2000,"other"
"33e156dc-a8cc-4f47-b332-8513fe760d55","acordaos","acordaos",198,"1ª TURMA CÍVEL","c540fdb8bf",2024-03-21,16,0,0,NA,NA,"other"
"342a4eda-e10a-48a7-a46c-8bfe3e780719","acordaos","acordaos",198,"5ª TURMA CÍVEL","d17cb21a51",2024-03-21,2,0,2,NA,4000,"other"
"3464513b-692f-40fa-bd20-5a4715c2c9e2","acordaos","acordaos",417,"1ª TURMA CRIMINAL","e48f5e14a5",2024-03-14,0,NA,NA,NA,NA,"wrongful_death"
"34683f77-5361-4579-902e-8b40bacd4782","acordaos","acordaos-tr",460,"PRIMEIRA TURMA RECURSAL","ef7646018c",2024-03-26,6,3,6,3000,3000,"other"
"347c2867-d13f-4a96-8fe2-8d846bb8fc0b","acordaos","acordaos",198,"1ª TURMA CÍVEL","f726893979",2024-03-13,5,0,1,NA,50000,"medical"
"34f5add6-1a57-44f6-b1f6-9f051369a997","acordaos","acordaos",198,"1ª TURMA CÍVEL","c540fdb8bf",2024-03-21,4,0,4,NA,NA,"medical"
"355ae901-e35b-4f6d-bf78-7817ba7874dd","acordaos","acordaos",1689,"6ª TURMA CÍVEL","07312dd681",2024-03-13,10,0,6,NA,7000,"other"
"36359d33-e6d7-47ee-98a8-4d83bc913bd3","acordaos","acordaos",417,"2ª TURMA CRIMINAL","875abf85dd",2024-03-07,5,0,4,NA,500,"honor_privacy"
"368f84ed-8de9-4b7b-bbbe-a66dfd717b7e","acordaos","acordaos-tr",460,"PRIMEIRA TURMA RECURSAL","ef7646018c",2024-03-26,2,1,2,NA,NA,"consumer_service"
"374a9400-6f1b-41e2-bf65-3a687d78e571","acordaos","acordaos",198,"1ª TURMA CÍVEL","f726893979",2024-03-13,5,0,5,NA,NA,"medical"
"374e08eb-fe3f-4c55-8f22-21688b44af19","acordaos","acordaos-tr",460,"SEGUNDA TURMA RECURSAL","9868b4f5a5",2024-03-04,8,4,6,NA,NA,"consumer_service"
"3775ea5b-e8dd-4470-9512-0b174847336a","acordaos","acordaos-tr",460,"TERCEIRA TURMA RECURSAL","e43afa8918",2024-03-18,6,3,0,NA,NA,"other"
"3783a806-e104-4974-a880-c5eb328bd623","acordaos","acordaos-tr",460,"TERCEIRA TURMA RECURSAL","aa0cab12a8",2024-03-18,2,1,2,NA,NA,"wrongful_death"
"38606baf-07cb-4cb3-9784-ac8c7d8f341a","acordaos","acordaos-tr",460,"TERCEIRA TURMA RECURSAL","249fd17014",2024-03-18,11,3,9,3000,3000,"consumer_service"
"3889738e-d259-42fe-8034-1150cf39bb42","acordaos","acordaos-tr",460,"PRIMEIRA TURMA RECURSAL","a54167199f",2024-03-26,4,2,2,NA,NA,"medical"
"39172db2-a013-4e41-a8d5-4d6489652ab6","acordaos","acordaos",198,"5ª TURMA CÍVEL","d17cb21a51",2024-03-07,7,0,3,NA,10000,"honor_privacy"
"393af20d-b1c4-47cd-b0b7-ff1f54f244b3","acordaos","acordaos-tr",460,"SEGUNDA TURMA RECURSAL","5e0c5ae3c3",2024-03-04,8,4,8,3000,3000,"air_travel"
"39663779-397d-478c-a90b-8016952479c8","acordaos","acordaos",417,"1ª TURMA CRIMINAL","a68ade2514",2024-03-14,3,0,2,NA,500,"other"
"39950766-2c69-44b7-b863-5a7316666280","acordaos","acordaos-tr",460,"SEGUNDA TURMA RECURSAL","592078c0d0",2024-03-18,12,6,6,NA,NA,"other"
"39fe5011-b4bb-4ebb-a353-45ea9eff3103","acordaos","acordaos",417,"1ª TURMA CRIMINAL","e48f5e14a5",2024-03-21,1,0,0,NA,NA,"other"
"3a00db29-b0d6-4d1b-9beb-d24a0fde354c","acordaos","acordaos-tr",1689,"PRIMEIRA TURMA RECURSAL","73ededad40",2024-03-26,12,6,6,NA,NA,"other"
"3a1fc1b9-11ab-43fb-8f6a-44cdbba074e6","acordaos","acordaos",417,"1ª TURMA CRIMINAL","c8368eac56",2024-03-07,1,0,0,NA,NA,"other"
"3a370b1d-3d4a-4271-ae61-90cb3e7192f8","acordaos","acordaos",417,"2ª TURMA CRIMINAL","fb9644293f",2024-03-25,6,0,3,NA,500,"wrongful_death"
"3b2a8934-ac5e-4bef-87f3-5691ee10d8c9","acordaos","acordaos",198,"7ª TURMA CÍVEL","75da02d29b",2024-03-13,11,0,9,NA,5000,"medical"
"3b62156a-0390-430b-8a96-37099ebd5e6b","acordaos","acordaos",417,"2ª TURMA CRIMINAL","fb9644293f",2024-03-25,2,0,1,NA,500,"other"
"3b7888bf-6268-462d-8c02-77f33d0bdf13","acordaos","acordaos-tr",460,"TERCEIRA TURMA RECURSAL","a0f8949691",2024-03-18,4,2,2,NA,NA,"other"
"3b9eae4b-36c5-4989-9227-4c4fbcf8ff7b","acordaos","acordaos",198,"7ª TURMA CÍVEL","ef17ff9efb",2024-03-13,18,1,8,3000,27500,"consumer_service"
"3bced2de-f1c1-4e40-b106-6347980474bc","acordaos","acordaos",198,"6ª TURMA CÍVEL","d30385f876",2024-03-06,13,0,4,NA,3000,"credit_listing"
"3beceada-83f0-496f-a0ca-b1386c18d111","acordaos","acordaos-tr",460,"TERCEIRA TURMA RECURSAL","e43afa8918",2024-03-18,6,3,2,4000,4000,"wrongful_death"
"3ca931bb-a2e1-4678-b8d1-3f0ac27a4906","acordaos","acordaos-tr",460,"PRIMEIRA TURMA RECURSAL","a54167199f",2024-03-26,10,5,4,NA,NA,"credit_listing"
"3ceda04d-4eda-4068-b172-5523dff98ea2","acordaos","acordaos",417,"2ª TURMA CRIMINAL","c43a20176d",2024-03-14,6,1,6,500,500,"other"
"3d313956-f2be-4ad0-a0cc-7485b0afa618","acordaos","acordaos",417,"2ª TURMA CRIMINAL","c43a20176d",2024-03-07,4,1,2,NA,NA,"wrongful_death"
"3d5a96eb-28bb-47da-abb7-859c922277ee","acordaos","acordaos-tr",460,"SEGUNDA TURMA RECURSAL","9868b4f5a5",2024-03-04,6,3,4,NA,NA,"consumer_service"
"3dcc7fef-2230-45ff-a582-bf828cbd92fa","acordaos","acordaos-tr",1689,"SEGUNDA TURMA RECURSAL","592078c0d0",2024-03-04,0,NA,NA,NA,NA,"other"
"3de30484-44b5-4000-aaca-1a0b175b1198","acordaos","acordaos",198,"4ª TURMA CÍVEL","dc185fdca3",2024-03-21,7,0,3,NA,NA,"consumer_service"
"3e88bcbd-8b3a-437d-aa0a-5431c91e9332","acordaos","acordaos",12122,"2ª TURMA CRIMINAL","411a3306dd",2024-03-14,0,NA,NA,NA,NA,"other"
"3ee844b9-e462-4d9e-b8ae-59534d613994","acordaos","acordaos-tr",460,"SEGUNDA TURMA RECURSAL","914b495bd0",2024-03-04,14,7,6,5000,5000,"credit_listing"
"3f20b23c-e04f-45c0-a95c-de2c33fbb0b1","acordaos","acordaos-tr",460,"PRIMEIRA TURMA RECURSAL","73ededad40",2024-03-26,0,NA,NA,NA,NA,"other"
"3fa4506f-60dc-4979-a859-6f14cf217b10","acordaos","acordaos",198,"6ª TURMA CÍVEL","07312dd681",2024-03-20,11,1,7,400000,400000,"other"
"402c4ac2-ea13-4927-8ea2-d93c089aff1c","acordaos","acordaos",198,"1ª TURMA CÍVEL","3d2279fc77",2024-03-06,4,0,1,NA,10000,"credit_listing"
"40398ac8-9675-4ee6-9e1b-7beb7526d9f4","acordaos","acordaos-tr",460,"PRIMEIRA TURMA RECURSAL","c6e9121773",2024-03-26,5,2,3,NA,NA,"consumer_service"
"404b6606-69db-4b22-b171-402051c55393","acordaos","acordaos",417,"2ª TURMA CRIMINAL","fb9644293f",2024-03-25,5,0,3,NA,500,"other"
"40dd2ac9-0fad-43e1-b7b8-8b52fe996071","acordaos","acordaos-tr",460,"PRIMEIRA TURMA RECURSAL","a54167199f",2024-03-26,6,3,0,NA,NA,"other"
"411cc2d5-8a1c-40b6-ba07-367d6820b3a5","acordaos","acordaos",198,"3ª TURMA CÍVEL","8e30f54e7a",2024-03-14,11,0,9,NA,NA,"medical"
"4192a5ad-2e33-4d7e-abdb-2718116b30b8","acordaos","acordaos",198,"1ª TURMA CÍVEL","3f8f67d7e7",2024-03-06,7,1,1,NA,NA,"banking_fraud"
"42201e01-5f4a-4f90-82e4-a30c20960fd4","acordaos","acordaos",198,"7ª TURMA CÍVEL","15e13c4a5d",2024-03-13,9,2,8,NA,NA,"honor_privacy"
"423c0f17-2563-4574-8942-c0bec0ba8ec5","acordaos","acordaos-tr",460,"SEGUNDA TURMA RECURSAL","914b495bd0",2024-03-18,4,2,4,6000,6000,"other"
"428017cd-f158-4d2a-b95b-627fa6d489e3","acordaos","acordaos-tr",202,"PRIMEIRA TURMA RECURSAL","73ededad40",2024-03-26,8,4,2,4000,4000,"credit_listing"
"428ea26e-6ea1-4e05-999a-22cec6d4d14c","acordaos","acordaos-tr",460,"TERCEIRA TURMA RECURSAL","e43afa8918",2024-03-18,0,NA,NA,NA,NA,"other"
"42ffbdfb-3397-4481-8aa2-d323a2284835","acordaos","acordaos",198,"6ª TURMA CÍVEL","07312dd681",2024-03-13,2,0,2,NA,3000,"credit_listing"
"43154eb7-8751-4ec9-a841-7169eb32d75b","acordaos","acordaos",198,"1ª TURMA CÍVEL","c540fdb8bf",2024-03-06,8,0,0,NA,NA,"other"
"43392c66-f143-4ab1-85b3-e8a1b959ada3","acordaos","acordaos",198,"1ª TURMA CÍVEL","d9e51b3034",2024-03-06,12,0,9,NA,5000,"credit_listing"
"434a9cb7-c2da-4cde-9670-377f4eeedb61","acordaos","acordaos-tr",460,"TERCEIRA TURMA RECURSAL","249fd17014",2024-03-18,10,3,6,4000,4000,"medical"
"435a6a8a-3562-494d-a367-4fd7428fc956","acordaos","acordaos-tr",460,"TERCEIRA TURMA RECURSAL","e43afa8918",2024-03-18,0,NA,NA,NA,NA,"honor_privacy"
"43b0bf67-104e-4324-ad69-afd5112133b2","acordaos","acordaos-tr",460,"SEGUNDA TURMA RECURSAL","914b495bd0",2024-03-04,2,1,2,10000,10000,"honor_privacy"
"43b6ed69-d586-4b08-8623-c347a6696bdc","acordaos","acordaos",198,"2ª TURMA CÍVEL","4981944123",2024-03-20,13,2,6,NA,NA,"credit_listing"
"441c6791-359f-415f-bca5-1d24b828d7ce","acordaos","acordaos",198,"5ª TURMA CÍVEL","d17cb21a51",2024-03-14,24,1,4,10000,10000,"credit_listing"
"45a01219-6768-4161-b2bd-e6907494e9b1","acordaos","acordaos",198,"7ª TURMA CÍVEL","ef17ff9efb",2024-03-20,1,0,0,NA,NA,"consumer_service"
"45ac0923-d8d6-4247-8d02-afa80269de2e","acordaos","acordaos",1689,"5ª TURMA CÍVEL","f07ec5c0df",2024-03-14,0,NA,NA,NA,NA,"other"
"45e8e00a-797a-48b1-8d86-c105c7534e71","acordaos","acordaos-tr",460,"SEGUNDA TURMA RECURSAL","914b495bd0",2024-03-04,26,13,8,NA,NA,"consumer_service"
"4605e674-5bab-4c38-b2cf-957a9918694b","acordaos","acordaos",198,"7ª TURMA CÍVEL","f6abe097b7",2024-03-13,7,0,0,NA,NA,"other"
"46362e41-e4ed-42c7-b279-bd06e4863c4a","acordaos","acordaos-tr",460,"SEGUNDA TURMA RECURSAL","914b495bd0",2024-03-04,4,2,4,30000,30000,"state_liability"
"463b49f7-3a11-42c9-abbe-d36306f3f689","acordaos","acordaos",417,"2ª TURMA CRIMINAL","7cee760b43",2024-03-25,4,0,3,NA,500,"other"
"467eacb6-4ca3-44f4-8576-832f0571f040","acordaos","acordaos-tr",460,"SEGUNDA TURMA RECURSAL","5e0c5ae3c3",2024-03-18,6,3,4,NA,NA,"credit_listing"
"468d8f75-c4a1-4caf-aaa1-e9d26b766e33","acordaos","acordaos-tr",460,"TERCEIRA TURMA RECURSAL","aa0cab12a8",2024-03-18,14,7,8,NA,NA,"consumer_service"
"46d6de6e-ee54-4907-b783-a9fbcc0f36a1","acordaos","acordaos",198,"5ª TURMA CÍVEL","d17cb21a51",2024-03-21,5,0,0,NA,NA,"medical"
"470e8e69-ea13-47fd-90c7-f81f25720f11","acordaos","acordaos-tr",460,"TERCEIRA TURMA RECURSAL","a0f8949691",2024-03-18,26,13,6,1188.91,1188.91,"credit_listing"
"47112440-ba03-4da5-ba1c-72a234d7cae1","acordaos","acordaos-tr",460,"PRIMEIRA TURMA RECURSAL","ef7646018c",2024-03-26,10,5,6,2000,2000,"credit_listing"
"471dffad-3e59-4a08-a84b-b48d4c42cade","acordaos","acordaos-tr",460,"PRIMEIRA TURMA RECURSAL","a54167199f",2024-03-01,14,7,4,NA,NA,"other"
"476fa7ac-9cf2-4feb-9529-49953efbb3c1","acordaos","acordaos",198,"1ª TURMA CÍVEL","3f8f67d7e7",2024-03-13,7,1,5,5000,5000,"other"
"47b355ec-b995-4756-984c-73d1f0f988cf","acordaos","acordaos",198,"1ª TURMA CÍVEL","d9e51b3034",2024-03-20,18,1,9,NA,2000,"other"
"4897e230-9917-4b6a-b8b1-59bafc536134","acordaos","acordaos-tr",460,"PRIMEIRA TURMA RECURSAL","ef7646018c",2024-03-26,8,4,8,3000,3000,"air_travel"
"48ab4c8a-72d4-44a6-841e-98a98f0fbd64","acordaos","acordaos-tr",460,"TERCEIRA TURMA RECURSAL","aa0cab12a8",2024-03-18,28,14,0,NA,NA,"other"
"48cf231e-ef7b-4028-a828-de51510a853c","acordaos","acordaos",198,"6ª TURMA CÍVEL","d30385f876",2024-03-06,44,0,13,NA,3360,"honor_privacy"
"491e0600-e096-448b-921d-0b59a4bc729c","acordaos","acordaos",417,"2ª TURMA CRIMINAL","875abf85dd",2024-03-07,4,0,3,NA,300,"wrongful_death"
"49593b1a-6bd2-458f-9fda-f149019841d0","acordaos","acordaos",198,"2ª TURMA CÍVEL","4981944123",2024-03-06,24,1,20,10000,10000,"other"
"4983eb1a-44a9-44b8-9e10-49684d6ed34a","acordaos","acordaos-tr",460,"SEGUNDA TURMA RECURSAL","914b495bd0",2024-03-04,4,2,4,10000,10000,"air_travel"
"49bbef43-e9f7-4310-8424-3653786deb5e","acordaos","acordaos",1728,"1ª TURMA CÍVEL","3f8f67d7e7",2024-03-20,10,1,9,5000,5000,"consumer_service"
"4a2a1baa-5f11-4cf7-8663-5a1aa0eb7518","acordaos","acordaos-tr",460,"SEGUNDA TURMA RECURSAL","914b495bd0",2024-03-18,6,3,6,NA,NA,"honor_privacy"
"4aa9d544-b37c-4b56-806b-f982f3531df3","acordaos","acordaos",198,"7ª TURMA CÍVEL","15e13c4a5d",2024-03-06,12,2,2,NA,NA,"consumer_service"
"4b1e1225-d08f-4227-9e18-3998760ef2e5","acordaos","acordaos",198,"5ª TURMA CÍVEL","a68715f197",2024-03-07,3,0,3,NA,NA,"medical"
"4b945f13-3507-4a6f-b166-0f4808a07269","acordaos","acordaos",198,"6ª TURMA CÍVEL","07312dd681",2024-03-20,30,1,6,NA,1000,"other"
"4ca47a2b-b443-4dc1-99d1-426f9dc063ee","acordaos","acordaos",198,"8ª TURMA CÍVEL","2d19168903",2024-03-21,6,0,3,NA,68760,"medical"
"4ca8cb86-5af3-4469-94f5-6f5cbb5036bb","acordaos","acordaos",198,"6ª TURMA CÍVEL","0915b060c7",2024-03-13,33,0,15,NA,11000,"honor_privacy"
"4d801d4e-114b-4d57-871f-c6ac86202ea9","acordaos","acordaos",198,"3ª TURMA CÍVEL","58d40bdd82",2024-03-20,13,0,2,NA,NA,"other"
"4da9325e-408f-4fcf-9fb5-fe3af77d77c5","acordaos","acordaos",1689,"5ª TURMA CÍVEL","f07ec5c0df",2024-03-14,0,NA,NA,NA,NA,"other"
"4dd1593f-3ae1-4d78-b0fb-7586a573d163","acordaos","acordaos",1689,"8ª TURMA CÍVEL","5ef182d4af",2024-03-19,1,0,0,NA,NA,"other"
"4e33a1a1-2439-48d6-945b-b3f25b51069a","acordaos","acordaos",198,"4ª TURMA CÍVEL","dc185fdca3",2024-03-07,2,0,0,NA,NA,"other"
"4e3ee21d-91bb-48d0-95d1-c18280bb67a4","acordaos","acordaos",198,"5ª TURMA CÍVEL","d17cb21a51",2024-03-21,8,0,7,NA,1000,"other"
"4e9e0efe-e529-4021-a273-67bb07b0cba1","acordaos","acordaos-tr",460,"SEGUNDA TURMA RECURSAL","9868b4f5a5",2024-03-18,40,13,22,4000,4000,"credit_listing"
"4ef910dd-04ff-455d-ad3e-830d1957c165","acordaos","acordaos-tr",460,"SEGUNDA TURMA RECURSAL","592078c0d0",2024-03-18,2,1,2,5000,5000,"other"
"4f36c669-9573-4e60-ad2f-66e2eaa33abc","acordaos","acordaos-tr",460,"PRIMEIRA TURMA RECURSAL","a54167199f",2024-03-26,10,5,6,25000,25000,"wrongful_death"
"4f423ff3-b51c-433c-bfc3-52c289838590","acordaos","acordaos-tr",460,"PRIMEIRA TURMA RECURSAL","73ededad40",2024-03-26,8,4,4,2500,2500,"consumer_service"
"4f563457-86cb-4e74-bdfd-532bd86fe158","acordaos","acordaos-tr",460,"SEGUNDA TURMA RECURSAL","914b495bd0",2024-03-18,4,2,4,NA,NA,"honor_privacy"
"4f6acaf7-6a88-4c51-88a9-12ced8d046d7","acordaos","acordaos-tr",460,"PRIMEIRA TURMA RECURSAL","c6e9121773",2024-03-26,14,2,8,NA,NA,"other"
"4fc06950-c6ac-45b2-8f4b-13ba4c64db83","acordaos","acordaos",198,"4ª TURMA CÍVEL","ea4916549f",2024-03-21,5,1,5,10000,10000,"medical"
"50009a3c-df5f-4230-bab5-1696c0f33978","acordaos","acordaos-tr",460,"SEGUNDA TURMA RECURSAL","914b495bd0",2024-03-04,18,9,6,NA,NA,"consumer_service"
"50c928b5-124d-4065-8d2f-44d62bd4b407","acordaos","acordaos",198,"3ª TURMA CÍVEL","f0c2fc1313",2024-03-14,6,0,5,NA,5000,"other"
"5130ed57-0621-4d58-8081-e38079d5b8b2","acordaos","acordaos-tr",206,"SEGUNDA TURMA RECURSAL","5e0c5ae3c3",2024-03-18,0,NA,NA,NA,NA,"banking_fraud"
"513e2f43-5fe3-40f5-ad51-e1514f739145","acordaos","acordaos-tr",460,"PRIMEIRA TURMA RECURSAL","73ededad40",2024-03-26,10,5,4,2949.24,2949.24,"banking_fraud"
"51589056-44f1-4b12-af07-099881150d2d","acordaos","acordaos-tr",460,"SEGUNDA TURMA RECURSAL","9868b4f5a5",2024-03-04,4,2,4,NA,NA,"other"
"519b0424-91f0-4491-a08b-78193a0b4c64","acordaos","acordaos",198,"4ª TURMA CÍVEL","f9b9a227a6",2024-03-07,3,0,0,NA,NA,"banking_fraud"
"52273cce-008f-4036-86b6-b9a67eb89b09","acordaos","acordaos",417,"2ª TURMA CRIMINAL","fb9644293f",2024-03-07,4,0,2,NA,500,"wrongful_death"
"5234b4a0-4abc-4d51-91e7-bc04f59a0693","acordaos","acordaos-tr",460,"SEGUNDA TURMA RECURSAL","592078c0d0",2024-03-18,4,2,2,3000,3000,"credit_listing"
"52f44998-b792-4a6e-9c8a-e7a5cc02ed6a","acordaos","acordaos-tr",460,"PRIMEIRA TURMA RECURSAL","ef7646018c",2024-03-26,4,2,4,NA,NA,"other"
"53823985-7da1-408f-b3ac-c9171fcbcb9d","acordaos","acordaos",198,"6ª TURMA CÍVEL","0915b060c7",2024-03-26,5,0,2,NA,NA,"banking_fraud"
"53853fad-d879-46b8-aced-ee298aa84b57","acordaos","acordaos",198,"5ª TURMA CÍVEL","c506524a36",2024-03-14,8,0,3,NA,NA,"consumer_service"
"53a37c0e-1cb3-4d22-b785-629af1647376","acordaos","acordaos-tr",460,"SEGUNDA TURMA RECURSAL","9868b4f5a5",2024-03-18,102,31,5,10000,10000,"other"
"53bfee81-ee22-4305-bd5f-b3571d006ad6","acordaos","acordaos-tr",460,"TERCEIRA TURMA RECURSAL","e43afa8918",2024-03-18,4,2,2,5000,5000,"other"
"53f15f53-5604-455e-a6dc-019d222422bc","acordaos","acordaos",198,"5ª TURMA CÍVEL","8a4888bf5e",2024-03-21,16,0,12,NA,15000,"medical"
"543fe67f-d74b-4436-a46c-9283dfddfff5","acordaos","acordaos-tr",460,"SEGUNDA TURMA RECURSAL","5e0c5ae3c3",2024-03-18,14,7,6,NA,NA,"other"
"54839d66-487d-4653-9a01-99c0fad2d27a","acordaos","acordaos",198,"6ª TURMA CÍVEL","d30385f876",2024-03-06,15,1,7,3000,3000,"credit_listing"
"5494529a-0c2e-422d-bcaa-15744d3d6a91","acordaos","acordaos",198,"3ª TURMA CÍVEL","8e30f54e7a",2024-03-07,8,0,8,NA,10000,"medical"
"54ec93ad-ed94-4da4-8fad-33cfc9e1fd8e","acordaos","acordaos-tr",460,"PRIMEIRA TURMA RECURSAL","c6e9121773",2024-03-26,52,5,8,NA,NA,"consumer_service"
"5520e962-bf6c-4f32-96f9-3866bc976991","acordaos","acordaos",198,"7ª TURMA CÍVEL","15e13c4a5d",2024-03-13,12,0,8,NA,10000,"honor_privacy"
"55355889-d4ff-4d6f-934f-f9cb3018974f","acordaos","acordaos-tr",460,"PRIMEIRA TURMA RECURSAL","a54167199f",2024-03-26,6,3,4,NA,NA,"medical"
"5571b52c-5a3b-41b5-8ed1-46e3eb8354d2","acordaos","acordaos",198,"1ª TURMA CÍVEL","3f8f67d7e7",2024-03-20,15,0,2,NA,NA,"banking_fraud"
"557da099-f7de-4da3-bf3c-f3ddc1e4ea0a","acordaos","acordaos",198,"2ª TURMA CÍVEL","4981944123",2024-03-06,28,1,12,7000,12000,"air_travel"
"55c221bd-9015-4f50-9085-e17dd4078e43","acordaos","acordaos",198,"5ª TURMA CÍVEL","f07ec5c0df",2024-03-07,5,0,2,NA,30000,"credit_listing"
"55c544f4-ef41-416f-9411-a1f78e5c4131","acordaos","acordaos",198,"7ª TURMA CÍVEL","15e13c4a5d",2024-03-06,14,1,12,3000,3000,"other"
"55d3ab67-82a9-414c-a923-502d882b0a92","acordaos","acordaos-tr",460,"SEGUNDA TURMA RECURSAL","592078c0d0",2024-03-04,4,2,4,2000,2000,"consumer_service"
"55eb3c9a-3ac8-45fc-a4a5-4bdca271f2f1","acordaos","acordaos",198,"8ª TURMA CÍVEL","bdca023e1d",2024-03-12,15,1,11,15000,15000,"other"
"56686cbf-7345-4fed-bc6c-c0948a896550","acordaos","acordaos",1728,"1ª TURMA CÍVEL","3f8f67d7e7",2024-03-13,6,0,4,NA,50000,"consumer_service"
"5689c663-d89a-4198-872b-670ee0253d52","acordaos","acordaos-tr",460,"PRIMEIRA TURMA RECURSAL","a54167199f",2024-03-26,2,1,2,NA,NA,"consumer_service"
"56b78a91-7fff-4b10-98a2-481128346bd7","acordaos","acordaos-tr",460,"PRIMEIRA TURMA RECURSAL","a54167199f",2024-03-26,9,4,6,5000,5000,"air_travel"
"5710144b-c55e-4abb-8d70-4a62bd012cef","acordaos","acordaos-tr",460,"SEGUNDA TURMA RECURSAL","9868b4f5a5",2024-03-04,15,5,9,NA,NA,"consumer_service"
"57719321-56e6-4ccc-83cd-9afc62ffaef5","acordaos","acordaos-tr",460,"PRIMEIRA TURMA RECURSAL","c6e9121773",2024-03-26,19,2,4,NA,2000,"banking_fraud"
"5773943f-0d30-412d-a4e0-c6c741bfffd8","acordaos","acordaos-tr",460,"PRIMEIRA TURMA RECURSAL","73ededad40",2024-03-01,4,2,0,NA,NA,"wrongful_death"
"57a68a95-1056-4bb9-9e56-74f12ba31303","acordaos","acordaos-tr",460,"SEGUNDA TURMA RECURSAL","9868b4f5a5",2024-03-04,4,2,2,4000,4000,"credit_listing"
"57a74cd1-0e5c-4f9f-9123-4a12057253ff","acordaos","acordaos",198,"7ª TURMA CÍVEL","f6abe097b7",2024-03-06,16,0,0,NA,NA,"other"
"57f95540-0557-438c-9f40-0c2e5b0b71ee","acordaos","acordaos",417,"2ª TURMA CRIMINAL","fb9644293f",2024-03-14,0,NA,NA,NA,NA,"wrongful_death"
"58480104-44c4-4aa6-b470-5c3de6686634","acordaos","acordaos",417,"1ª TURMA CRIMINAL","c8368eac56",2024-03-21,2,0,1,NA,NA,"other"
"585639b2-bb0f-4a1b-bea0-489a0d5dce75","acordaos","acordaos",417,"2ª TURMA CRIMINAL","fb9644293f",2024-03-07,4,0,3,NA,500,"wrongful_death"
"58584e79-81d5-4aea-9351-87f4272a4633","acordaos","acordaos-tr",460,"PRIMEIRA TURMA RECURSAL","73ededad40",2024-03-01,10,5,4,NA,NA,"credit_listing"
"586d60b7-1945-4756-8b5b-db99be71df00","acordaos","acordaos",198,"4ª TURMA CÍVEL","23e658a6ab",2024-03-20,4,0,4,NA,30000,"wrongful_death"
"58e6e346-5f14-4f91-9fae-31cb9f0df31c","acordaos","acordaos-tr",460,"TERCEIRA TURMA RECURSAL","e43afa8918",2024-03-18,8,4,4,4000,4000,"other"
"5903bf36-a4af-4080-940b-239d8f107bee","acordaos","acordaos",417,"1ª TURMA CRIMINAL","c8368eac56",2024-03-21,0,NA,NA,NA,NA,"other"
"59db61a1-c935-40b1-9d84-46afa2dddc86","acordaos","acordaos-tr",460,"PRIMEIRA TURMA RECURSAL","c6e9121773",2024-03-01,14,3,4,2000,2000,"consumer_service"
"59fcd1d7-3d85-4b13-bde1-a4311b49a975","acordaos","acordaos",417,"1ª TURMA CRIMINAL","a68ade2514",2024-03-25,6,0,5,NA,300,"other"
"5a7ee9de-1054-4600-9f8a-579847cc96b9","acordaos","acordaos-tr",460,"SEGUNDA TURMA RECURSAL","914b495bd0",2024-03-04,16,8,14,NA,NA,"air_travel"
"5a82c657-24b6-4b37-8707-75c6ab025881","acordaos","acordaos-tr",460,"PRIMEIRA TURMA RECURSAL","c6e9121773",2024-03-26,12,3,5,NA,2000,"consumer_service"
"5a87a91f-64f8-46fa-8bb1-1d53bb0ae952","acordaos","acordaos-tr",460,"TERCEIRA TURMA RECURSAL","a0f8949691",2024-03-18,8,4,4,NA,NA,"other"
"5be37551-b93a-4e93-bd3a-60b4def7e837","acordaos","acordaos-tr",460,"SEGUNDA TURMA RECURSAL","914b495bd0",2024-03-18,16,8,4,NA,NA,"credit_listing"
"5c0653fd-46f5-4c75-ab17-e40c936be64a","acordaos","acordaos-tr",460,"TERCEIRA TURMA RECURSAL","249fd17014",2024-03-18,3,0,3,NA,NA,"other"
"5c1be0a3-0176-4846-bcc2-ea8a248ab2d5","acordaos","acordaos-tr",460,"PRIMEIRA TURMA RECURSAL","73ededad40",2024-03-01,2,1,2,NA,NA,"consumer_service"
"5c56f263-b0db-4d7c-8bab-4f423bb97393","acordaos","acordaos",198,"2ª TURMA CÍVEL","beaf6fe3d9",2024-03-13,16,0,9,NA,10000,"credit_listing"
"5d49c712-420f-4ce6-972a-f8504547821f","acordaos","acordaos",198,"1ª TURMA CÍVEL","c540fdb8bf",2024-03-20,9,0,7,NA,5000,"medical"
"5dd12764-3e48-44a5-ac9f-86a6c7ef33c0","acordaos","acordaos-tr",460,"SEGUNDA TURMA RECURSAL","914b495bd0",2024-03-04,6,3,6,2000,2000,"credit_listing"
"5df43fa0-d31f-4d1a-b001-f2c0cfccc6e8","acordaos","acordaos",198,"5ª TURMA CÍVEL","d17cb21a51",2024-03-14,6,0,5,NA,10000,"medical"
"5e3ac69b-ecf9-4392-b403-03d0b67211f1","acordaos","acordaos",198,"3ª TURMA CÍVEL","8e30f54e7a",2024-03-14,7,0,4,NA,NA,"credit_listing"
"5e61e6d4-3a4d-4dc4-8ef4-5ec14760865f","acordaos","acordaos",198,"1ª TURMA CÍVEL","3d2279fc77",2024-03-21,15,0,6,NA,3000,"banking_fraud"
"5e8580ea-72d4-42d9-96a9-e0ad553b1d8a","acordaos","acordaos",221,"2ª CÂMARA CÍVEL","063a92aa45",2024-03-11,0,NA,NA,NA,NA,"other"
"5f42e675-b2a4-4bf7-977f-4e265a724631","acordaos","acordaos-tr",460,"PRIMEIRA TURMA RECURSAL","ef7646018c",2024-03-26,8,4,6,NA,NA,"air_travel"
"5f8e947a-e877-4b7d-a55e-ebf3ac9beed4","acordaos","acordaos-tr",460,"PRIMEIRA TURMA RECURSAL","a54167199f",2024-03-26,6,3,4,NA,NA,"other"
"5fe13dae-4f1f-4eef-b8f0-51e60566ccc3","acordaos","acordaos",198,"6ª TURMA CÍVEL","0915b060c7",2024-03-26,8,0,5,NA,50000,"wrongful_death"
"601567ef-1ebe-4704-83aa-0293cbfa75eb","acordaos","acordaos-tr",460,"PRIMEIRA TURMA RECURSAL","ef7646018c",2024-03-01,6,3,6,NA,NA,"consumer_service"
"60d46320-8a6a-4907-a2c8-f7e7ba90e664","acordaos","acordaos",417,"1ª TURMA CRIMINAL","662aeab684",2024-03-07,5,0,3,NA,300,"wrongful_death"
"60e4d237-d74d-4746-9e74-29f46dbe82be","acordaos","acordaos",198,"1ª TURMA CÍVEL","c540fdb8bf",2024-03-06,5,0,0,NA,NA,"honor_privacy"
"60f0f3a7-3f01-4594-8ff6-0be92917bbbe","acordaos","acordaos-tr",460,"PRIMEIRA TURMA RECURSAL","73ededad40",2024-03-26,4,2,2,NA,NA,"medical"
"61569c31-2607-4095-b381-50662659cd8e","acordaos","acordaos",198,"7ª TURMA CÍVEL","f6abe097b7",2024-03-20,1,0,0,NA,NA,"medical"
"61a3bbad-42d4-4740-9a6f-a5ab75dbad8e","acordaos","acordaos-tr",460,"SEGUNDA TURMA RECURSAL","9868b4f5a5",2024-03-04,8,2,5,4000,4000,"consumer_service"
"61ba3499-f51e-4b09-8d84-801e59b5bf73","acordaos","acordaos",198,"2ª TURMA CÍVEL","4981944123",2024-03-20,11,2,4,NA,20000,"medical"
"61cc1f24-0301-4d5b-8e23-3b9270e0a455","acordaos","acordaos",198,"2ª TURMA CÍVEL","c4bc5ec634",2024-03-06,14,1,10,NA,5000,"credit_listing"
"620e42bb-c883-4a3a-b700-00550dff0db9","acordaos","acordaos",417,"1ª TURMA CRIMINAL","a68ade2514",2024-03-07,3,0,2,NA,10000,"other"
"621249f3-9f9f-4ae5-a0ac-60ce2bb596aa","acordaos","acordaos",417,"1ª TURMA CRIMINAL","0bd6867b27",2024-03-21,1,0,0,NA,NA,"other"
"62844827-0094-4c2b-8f23-22c6f6b763e1","acordaos","acordaos",198,"3ª TURMA CÍVEL","8e30f54e7a",2024-03-14,5,0,3,NA,NA,"other"
"62fd4b43-8c67-481e-a18b-30f189e36421","acordaos","acordaos",198,"2ª TURMA CÍVEL","beaf6fe3d9",2024-03-13,9,1,6,5000,10000,"medical"
"6369822b-20ac-4436-becd-a5281955ebfe","acordaos","acordaos",198,"7ª TURMA CÍVEL","75da02d29b",2024-03-06,9,1,2,NA,NA,"consumer_service"
"63d8b784-b7c6-42d6-817e-aaf1987b9ace","acordaos","acordaos",198,"1ª TURMA CÍVEL","d9e51b3034",2024-03-21,24,0,5,NA,5000,"banking_fraud"
"6498ab9f-f908-47d4-b503-db5ded29a395","acordaos","acordaos",417,"1ª TURMA CRIMINAL","662aeab684",2024-03-21,2,0,1,NA,NA,"other"
"65008cb2-03f2-42dd-ad12-d14a30891172","acordaos","acordaos-tr",460,"TERCEIRA TURMA RECURSAL","a0f8949691",2024-03-18,10,5,0,NA,NA,"wrongful_death"
"65016fa1-ff80-408d-8b81-1b9a3751ba75","acordaos","acordaos",417,"1ª TURMA CRIMINAL","a68ade2514",2024-03-25,4,0,1,NA,NA,"honor_privacy"
"6548a1be-d2b3-4d6f-b8b0-755807f71180","acordaos","acordaos",417,"3ª TURMA CRIMINAL","46fa5d5b17",2024-03-14,2,0,2,NA,300,"other"
"65623d58-cdb1-43b8-801a-ba9bcbdddcb7","acordaos","acordaos-tr",460,"SEGUNDA TURMA RECURSAL","5e0c5ae3c3",2024-03-18,10,5,8,NA,NA,"credit_listing"
"658e8a37-46c1-4b3a-9795-81aeb1376920","acordaos","acordaos-tr",460,"SEGUNDA TURMA RECURSAL","9868b4f5a5",2024-03-04,2,1,0,NA,NA,"credit_listing"
"65ba003d-1c02-4585-95e9-46682a5aacad","acordaos","acordaos-tr",460,"SEGUNDA TURMA RECURSAL","5e0c5ae3c3",2024-03-04,0,NA,NA,NA,NA,"other"
"66019709-ef79-49a1-b1ad-fcd099790920","acordaos","acordaos",198,"2ª TURMA CÍVEL","d572ea40b4",2024-03-13,6,0,1,NA,40000,"other"
"66058a20-bec2-4389-b194-854f5174054a","acordaos","acordaos-tr",460,"SEGUNDA TURMA RECURSAL","9868b4f5a5",2024-03-04,20,10,10,NA,NA,"other"
"663f2c87-afc3-4606-ab87-83e9699dc489","acordaos","acordaos-tr",460,"TERCEIRA TURMA RECURSAL","a0f8949691",2024-03-18,4,2,4,NA,NA,"other"
"669e5642-d3c8-45ae-8517-5b8f5097039c","acordaos","acordaos-tr",460,"SEGUNDA TURMA RECURSAL","592078c0d0",2024-03-04,12,6,6,NA,NA,"consumer_service"
"66c2a2de-37c3-4dec-979b-04ae47ac3166","acordaos","acordaos",417,"2ª TURMA CRIMINAL","c43a20176d",2024-03-07,9,2,9,500,500,"other"
"6712f5f8-55af-4ba9-afc9-b2cda3ac4573","acordaos","acordaos",417,"3ª TURMA CRIMINAL","ce9ec5c04b",2024-03-07,4,0,3,NA,500,"wrongful_death"
"67da9ebb-96ab-4ff4-86d4-90eedfdd6e92","acordaos","acordaos",198,"1ª TURMA CÍVEL","d9e51b3034",2024-03-13,12,0,6,NA,5000,"other"
"68f4edcf-6e06-4b17-9ae6-0c14f51caf7f","acordaos","acordaos-tr",460,"SEGUNDA TURMA RECURSAL","592078c0d0",2024-03-18,6,3,0,NA,NA,"air_travel"
"6953940e-3146-4973-8d61-e3e9d4755e81","acordaos","acordaos",417,"2ª TURMA CRIMINAL","7cee760b43",2024-03-07,6,0,5,NA,1000,"other"
"698d29d0-b514-4fc2-a8cf-d255ec60f889","acordaos","acordaos",325,"CÂMARA CRIMINAL","a68ade2514",2024-03-13,0,NA,NA,NA,NA,"wrongful_death"
"69c3b373-7044-4635-920d-5fad5d165f22","acordaos","acordaos",198,"5ª TURMA CÍVEL","f07ec5c0df",2024-03-07,1,0,1,NA,NA,"honor_privacy"
"69f00774-c65b-427d-85ce-be5294be4e10","acordaos","acordaos-tr",460,"TERCEIRA TURMA RECURSAL","a0f8949691",2024-03-18,4,2,4,NA,NA,"consumer_service"
"6b3c73b1-a68a-495b-b434-1a13941e9124","acordaos","acordaos-tr",460,"SEGUNDA TURMA RECURSAL","592078c0d0",2024-03-18,14,7,10,5000,5000,"consumer_service"
"6bc74c3e-9026-4a16-a0e2-2bf4a97787eb","acordaos","acordaos-tr",460,"SEGUNDA TURMA RECURSAL","5e0c5ae3c3",2024-03-18,14,7,6,NA,NA,"other"
"6c5416b4-a156-4c34-a549-dcb89e97ab39","acordaos","acordaos-tr",460,"SEGUNDA TURMA RECURSAL","9868b4f5a5",2024-03-04,8,4,6,5000,5000,"consumer_service"
"6c836042-ae95-45da-bd35-6320e627c5ca","acordaos","acordaos-tr",460,"SEGUNDA TURMA RECURSAL","9868b4f5a5",2024-03-04,5,1,5,NA,NA,"other"
"6d0b1239-f494-4268-a992-64c2b4d13699","acordaos","acordaos",198,"7ª TURMA CÍVEL","ef17ff9efb",2024-03-06,7,1,6,NA,5000,"medical"
"6d953d18-058f-4eff-b1fc-f26a3305d502","acordaos","acordaos-tr",460,"SEGUNDA TURMA RECURSAL","592078c0d0",2024-03-04,18,9,4,NA,NA,"honor_privacy"
"6ddb5689-e3a6-4cbf-9533-204cdfd6fbcc","acordaos","acordaos",198,"3ª TURMA CÍVEL","f0c2fc1313",2024-03-13,11,0,5,NA,NA,"other"
"6e38904f-a79c-456b-890b-302bfefd5afe","acordaos","acordaos",198,"7ª TURMA CÍVEL","15e13c4a5d",2024-03-13,16,1,13,NA,100000,"wrongful_death"
"6f7c0af0-e2af-4d7c-bf4a-a2b133bf84f8","acordaos","acordaos",202,"6ª TURMA CÍVEL","d30385f876",2024-03-13,13,0,2,NA,NA,"other"
"6fb0148b-9cf7-4e91-a51d-a732ed652d07","acordaos","acordaos-tr",460,"PRIMEIRA TURMA RECURSAL","c6e9121773",2024-03-01,14,2,6,NA,3000,"consumer_service"
"6fc6eba3-82af-4aba-aae4-a718f579146e","acordaos","acordaos",198,"6ª TURMA CÍVEL","0915b060c7",2024-03-26,23,0,7,NA,20000,"honor_privacy"
"701ef804-249b-495a-a0cc-86572c8701f0","acordaos","acordaos-tr",460,"TERCEIRA TURMA RECURSAL","aa0cab12a8",2024-03-18,8,4,4,2000,2000,"consumer_service"
"70fa945b-2bd2-4db2-a412-416268af7192","acordaos","acordaos-tr",460,"PRIMEIRA TURMA RECURSAL","a54167199f",2024-03-26,6,3,0,NA,NA,"banking_fraud"
"71212f7a-f573-4590-8360-9d9126357ef3","acordaos","acordaos",198,"8ª TURMA CÍVEL","dd79d2757d",2024-03-05,2,0,2,NA,NA,"medical"
"725d0dca-77d8-4403-953e-7a5d36bc5dac","acordaos","acordaos",198,"8ª TURMA CÍVEL","5d8d470f51",2024-03-05,5,0,4,NA,NA,"consumer_service"
"72e24b59-fde1-4e51-8295-a3011262cd32","acordaos","acordaos",1689,"1ª TURMA CÍVEL","e48f5e14a5",2024-03-06,3,0,0,NA,NA,"wrongful_death"
"73160b09-005c-4891-8eea-f5e1640a45ce","acordaos","acordaos",198,"7ª TURMA CÍVEL","15e13c4a5d",2024-03-06,5,0,1,NA,200,"air_travel"
"739951db-7184-4f2a-a011-ace19c9f96f0","acordaos","acordaos-tr",460,"PRIMEIRA TURMA RECURSAL","a54167199f",2024-03-01,10,5,4,8000,8000,"air_travel"
"73af36bc-baeb-4ddd-96a9-ac60d50239a6","acordaos","acordaos-tr",460,"SEGUNDA TURMA RECURSAL","592078c0d0",2024-03-04,18,9,4,NA,NA,"consumer_service"
"73ea9ee2-ee53-4f47-812d-83a1efd1f755","acordaos","acordaos-tr",460,"SEGUNDA TURMA RECURSAL","914b495bd0",2024-03-04,8,4,8,3000,3000,"consumer_service"
"73f7b2a9-9e5c-43ac-8ad9-2ac6f4a9cab4","acordaos","acordaos",417,"2ª TURMA CRIMINAL","7cee760b43",2024-03-14,4,0,2,NA,500,"other"
"7438377d-71e1-4bf9-bd2f-beff3aa6b009","acordaos","acordaos-tr",460,"PRIMEIRA TURMA RECURSAL","73ededad40",2024-03-26,4,2,0,NA,NA,"credit_listing"
"74dffda7-0677-4d6f-b876-34a04d772cfa","acordaos","acordaos",198,"1ª TURMA CÍVEL","3d2279fc77",2024-03-06,6,0,4,NA,NA,"other"
"74ef4b66-77b2-4f96-93b6-b8a9e4328064","acordaos","acordaos-tr",460,"PRIMEIRA TURMA RECURSAL","c6e9121773",2024-03-26,6,2,6,3000,3000,"credit_listing"
"75247f5e-2f0a-45b7-9de9-263eea2def87","acordaos","acordaos",198,"4ª TURMA CÍVEL","063a92aa45",2024-03-07,3,0,2,NA,NA,"banking_fraud"
"75a7aa58-ad34-43e9-8b15-b70878b9f8c9","acordaos","acordaos-tr",460,"SEGUNDA TURMA RECURSAL","9868b4f5a5",2024-03-04,9,4,4,21000,21000,"consumer_service"
"75dfb519-033c-43b2-9d60-8896aceb2bbb","acordaos","acordaos-tr",460,"PRIMEIRA TURMA RECURSAL","c6e9121773",2024-03-01,12,3,8,2000,2000,"other"
"7603dede-fcd9-4369-b452-5fc267a7b972","acordaos","acordaos",198,"2ª TURMA CÍVEL","4981944123",2024-03-20,27,4,15,3000,3000,"consumer_service"
"76230879-59fb-48e4-b5ce-702960fb5d7f","acordaos","acordaos",198,"8ª TURMA CÍVEL","2d19168903",2024-03-05,61,0,6,NA,20000,"credit_listing"
"766f0698-178b-489e-b4b2-b3556bed190c","acordaos","acordaos-tr",460,"SEGUNDA TURMA RECURSAL","5e0c5ae3c3",2024-03-18,8,4,6,3000,3000,"other"
"769bfe8e-f0a6-4b00-9ea1-ad5dd0bc55cc","acordaos","acordaos-tr",460,"PRIMEIRA TURMA RECURSAL","c6e9121773",2024-03-26,0,NA,NA,NA,NA,"air_travel"
"76bb716d-2990-4749-bc0f-d964d5915333","acordaos","acordaos",198,"8ª TURMA CÍVEL","5d8d470f51",2024-03-05,1,0,1,NA,NA,"medical"
"77b50c1a-fecb-40b5-96fb-349c419843c7","acordaos","acordaos",417,"3ª TURMA CRIMINAL","e687bf02b2",2024-03-07,6,0,5,NA,1000,"other"
"77c9c778-7309-48a6-89af-2ec289af7062","acordaos","acordaos-tr",460,"SEGUNDA TURMA RECURSAL","914b495bd0",2024-03-18,8,4,8,3000,3000,"air_travel"
"78eb0ce3-2ee3-448a-a0e4-fc9fdf5f7e04","acordaos","acordaos-tr",460,"PRIMEIRA TURMA RECURSAL","ef7646018c",2024-03-01,6,3,4,3000,3000,"credit_listing"
"793cccf1-d19d-4681-8ca8-0878abcbb987","acordaos","acordaos-tr",460,"PRIMEIRA TURMA RECURSAL","a54167199f",2024-03-26,16,8,4,NA,NA,"banking_fraud"
"797038ed-5d64-4cd3-ac06-3cb7c1ff927d","acordaos","acordaos",198,"7ª TURMA CÍVEL","f6abe097b7",2024-03-13,1,0,0,NA,NA,"other"
"79708922-c8aa-4e32-b0d8-4cb7beea252e","acordaos","acordaos",198,"6ª TURMA CÍVEL","07312dd681",2024-03-13,7,0,1,NA,5000,"consumer_service"
"79a0f56b-8ecc-4f4b-a7c4-3ea5fa89db89","acordaos","acordaos-tr",460,"SEGUNDA TURMA RECURSAL","914b495bd0",2024-03-04,20,10,14,NA,NA,"consumer_service"
"79d1f066-1529-4d84-bd4c-fadc922a2732","acordaos","acordaos",198,"7ª TURMA CÍVEL","15e13c4a5d",2024-03-20,26,1,9,8000,8000,"credit_listing"
"7a0eba7a-f24b-4002-886a-399bf87877fe","acordaos","acordaos-tr",460,"SEGUNDA TURMA RECURSAL","592078c0d0",2024-03-04,14,7,8,NA,NA,"consumer_service"
"7a0f8e4c-efb8-4bc2-a88b-4939fe37f798","acordaos","acordaos-tr",460,"PRIMEIRA TURMA RECURSAL","73ededad40",2024-03-26,4,2,4,3000,3000,"consumer_service"
"7a500abb-fce2-4a2c-9ca4-20a0a82dfc95","acordaos","acordaos",198,"7ª TURMA CÍVEL","75da02d29b",2024-03-20,7,0,6,NA,4000,"medical"
"7ace3d69-c369-425e-b097-631ce28d019e","acordaos","acordaos-tr",460,"PRIMEIRA TURMA RECURSAL","73ededad40",2024-03-26,2,1,2,NA,NA,"wrongful_death"
"7b2d157d-b208-4293-887a-b6a7359e6c68","acordaos","acordaos-tr",460,"TERCEIRA TURMA RECURSAL","e43afa8918",2024-03-18,7,4,0,NA,NA,"other"
"7b4c3ba0-0c98-49ba-b903-df1892d9eb3c","acordaos","acordaos",417,"2ª TURMA CRIMINAL","fb9644293f",2024-03-14,22,1,6,NA,500,"other"
"7b756d30-95b0-422b-949b-127016da9489","acordaos","acordaos",198,"6ª TURMA CÍVEL","0915b060c7",2024-03-06,13,0,4,NA,1200,"other"
"7b90b501-c64b-41de-9c03-129255936f71","acordaos","acordaos",417,"1ª TURMA CRIMINAL","c8368eac56",2024-03-25,3,0,2,NA,1000,"other"
"7ba0a5bb-97a4-4ec3-b0ec-110d6d609905","acordaos","acordaos",198,"4ª TURMA CÍVEL","063a92aa45",2024-03-21,8,0,7,NA,10000,"medical"
"7bc5806e-ca72-49fd-b3ea-f112a1df012b","acordaos","acordaos",198,"5ª TURMA CÍVEL","f07ec5c0df",2024-03-14,4,0,2,NA,3000,"honor_privacy"
"7bcc9615-41cb-47ef-822f-d3b11acb0ef5","acordaos","acordaos",198,"8ª TURMA CÍVEL","5ef182d4af",2024-03-12,6,0,4,NA,NA,"wrongful_death"
"7c3983c5-2874-4730-8c05-db4f80b372b6","acordaos","acordaos",417,"1ª TURMA CRIMINAL","a68ade2514",2024-03-21,10,1,4,NA,1000,"other"
"7cbe0c28-e338-47ba-aeeb-8a2dfa3abb06","acordaos","acordaos",198,"6ª TURMA CÍVEL","9f4ca60681",2024-03-20,7,0,3,NA,NA,"wrongful_death"
"7cd4356f-4eef-4034-b22c-7851754338ad","acordaos","acordaos-tr",460,"PRIMEIRA TURMA RECURSAL","73ededad40",2024-03-01,26,13,0,NA,NA,"consumer_service"
"7d03e06c-268d-4920-838f-06c59e73831d","acordaos","acordaos",417,"3ª TURMA CRIMINAL","e687bf02b2",2024-03-07,4,0,4,NA,2000,"other"
"7e33ac6d-bf7d-40d7-ad25-69244f73467e","acordaos","acordaos",198,"8ª TURMA CÍVEL","2d19168903",2024-03-07,0,NA,NA,NA,NA,"honor_privacy"
"7e4448cf-acee-4ca9-bb85-750e0c736a0e","acordaos","acordaos-tr",460,"TERCEIRA TURMA RECURSAL","249fd17014",2024-03-18,4,1,4,NA,NA,"consumer_service"
"7e4d5de8-5835-4d62-b352-c79dbc175872","acordaos","acordaos",198,"5ª TURMA CÍVEL","f07ec5c0df",2024-03-14,4,0,4,NA,NA,"other"
"7f0d5749-7e23-42b8-af1b-e849e01acc37","acordaos","acordaos",198,"6ª TURMA CÍVEL","9f4ca60681",2024-03-06,4,0,2,NA,20000,"credit_listing"
"7f5343ae-1d59-464e-ac29-c849d4481aea","acordaos","acordaos",198,"1ª TURMA CÍVEL","3f8f67d7e7",2024-03-13,12,1,4,NA,12295.74,"medical"
"7f762459-ee90-47d4-9e11-c341fd13f07b","acordaos","acordaos",198,"2ª TURMA CÍVEL","4981944123",2024-03-06,9,1,6,10000,10000,"credit_listing"
"7f867db2-0c35-4ee1-86b7-e52bb3cc762d","acordaos","acordaos-tr",460,"PRIMEIRA TURMA RECURSAL","73ededad40",2024-03-26,12,6,4,NA,NA,"wrongful_death"
"7fb17f50-06a6-41ed-903d-7b88565b843e","acordaos","acordaos-tr",460,"SEGUNDA TURMA RECURSAL","5e0c5ae3c3",2024-03-18,0,NA,NA,NA,NA,"credit_listing"
"8061b583-26c6-4fb5-8a46-4e6fdf37b839","acordaos","acordaos",1689,"5ª TURMA CÍVEL","f07ec5c0df",2024-03-14,1,0,1,NA,NA,"medical"
"808dbc17-9f9e-4933-870c-f4fae66cafa2","acordaos","acordaos-tr",460,"SEGUNDA TURMA RECURSAL","914b495bd0",2024-03-04,2,1,0,NA,NA,"consumer_service"
"80f969bc-ffe3-4dd8-8679-82ae940ff474","acordaos","acordaos",1689,"6ª TURMA CÍVEL","d30385f876",2024-03-26,1,0,1,NA,3000,"other"
"8111bc98-cac7-472f-8d1f-b859c5140327","acordaos","acordaos-tr",460,"PRIMEIRA TURMA RECURSAL","a54167199f",2024-03-01,6,3,4,NA,NA,"medical"
"811aac4b-e53b-45d4-8d28-9a331841b77b","acordaos","acordaos",198,"5ª TURMA CÍVEL","d17cb21a51",2024-03-14,24,1,4,10000,10000,"credit_listing"
"8185df6e-0c39-483b-89a2-d530ff9f419e","acordaos","acordaos-tr",460,"SEGUNDA TURMA RECURSAL","9868b4f5a5",2024-03-18,18,6,0,NA,NA,"credit_listing"
"826d070f-3b74-4b44-bacf-804d07d2fab7","acordaos","acordaos",198,"6ª TURMA CÍVEL","d30385f876",2024-03-26,2,0,0,NA,NA,"wrongful_death"
"82929860-46e6-4907-8d66-d708f6c0dabd","acordaos","acordaos",198,"2ª TURMA CÍVEL","c4bc5ec634",2024-03-20,15,0,1,NA,NA,"banking_fraud"
"830dc7b7-c3d0-4dbf-adf4-53a0d5ae0547","acordaos","acordaos-tr",460,"PRIMEIRA TURMA RECURSAL","c6e9121773",2024-03-01,2,1,0,NA,NA,"honor_privacy"
"8323091c-719f-4ec8-83d0-e197a97d0fe2","acordaos","acordaos",417,"1ª TURMA CRIMINAL","662aeab684",2024-03-14,8,1,4,NA,300,"credit_listing"
"83235aa0-a542-4893-8cd7-e3710c0666ba","acordaos","acordaos-tr",460,"SEGUNDA TURMA RECURSAL","5e0c5ae3c3",2024-03-04,12,6,4,3000,3000,"credit_listing"
"8384836e-2d17-42c7-acde-da43a6006922","acordaos","acordaos-tr",460,"PRIMEIRA TURMA RECURSAL","73ededad40",2024-03-26,10,5,8,NA,NA,"honor_privacy"
"83889c07-a4f7-4fe0-894a-faaad8a15909","acordaos","acordaos",198,"6ª TURMA CÍVEL","07312dd681",2024-03-20,10,0,3,NA,20000,"wrongful_death"
"83d7a40a-5215-480c-8fdb-4128348736bc","acordaos","acordaos-tr",460,"PRIMEIRA TURMA RECURSAL","ef7646018c",2024-03-26,12,6,2,4000,4000,"credit_listing"
"84385a2f-b0b6-4478-ab9e-9c47b9ecb74a","acordaos","acordaos-tr",460,"TERCEIRA TURMA RECURSAL","e43afa8918",2024-03-18,8,4,4,NA,NA,"other"
"844b1b3d-ae40-433e-8128-05a9c65b4405","acordaos","acordaos",198,"5ª TURMA CÍVEL","c506524a36",2024-03-21,3,0,0,NA,NA,"credit_listing"
"84625439-254d-4d15-adc2-add6c2b59191","acordaos","acordaos-tr",460,"PRIMEIRA TURMA RECURSAL","c6e9121773",2024-03-26,8,2,7,2000,6000,"air_travel"
"84a29bb3-b8d8-4b1d-8fb6-daf769d9cc89","acordaos","acordaos-tr",460,"SEGUNDA TURMA RECURSAL","9868b4f5a5",2024-03-18,8,4,2,NA,NA,"banking_fraud"
"84db129a-77db-4b80-b780-efd429adce07","acordaos","acordaos",198,"8ª TURMA CÍVEL","5ef182d4af",2024-03-05,13,1,2,NA,NA,"consumer_service"
"85162c37-fd40-4d97-a3aa-bf70280a2b37","acordaos","acordaos",198,"8ª TURMA CÍVEL","5ef182d4af",2024-03-19,12,0,5,NA,4000,"medical"
"8535d71c-5e66-4ee4-94cd-0bcba95a4d87","acordaos","acordaos",198,"1ª TURMA CÍVEL","d9e51b3034",2024-03-20,2,0,2,NA,NA,"credit_listing"
"857de590-709e-4e15-b164-9b991f90b21f","acordaos","acordaos-tr",460,"PRIMEIRA TURMA RECURSAL","73ededad40",2024-03-26,4,2,2,NA,NA,"credit_listing"
"86c5ca15-a92f-427d-9bc4-abb11f3cc5bb","acordaos","acordaos-tr",460,"TERCEIRA TURMA RECURSAL","aa0cab12a8",2024-03-18,8,4,8,7000,7000,"consumer_service"
"86d30dd1-0829-4e91-8e86-003c9d2245e9","acordaos","acordaos-tr",460,"SEGUNDA TURMA RECURSAL","9868b4f5a5",2024-03-18,26,8,20,2000,2000,"other"
"86d79d39-48bf-4211-a47d-6d5c87f51fb6","acordaos","acordaos-tr",460,"SEGUNDA TURMA RECURSAL","9868b4f5a5",2024-03-04,2,1,2,NA,NA,"other"
"8723d72f-9f05-446c-aa24-60aec723681c","acordaos","acordaos",417,"3ª TURMA CRIMINAL","ce9ec5c04b",2024-03-14,3,0,3,NA,400,"other"
"872f6879-43c8-44d1-8d50-b5014673c84b","acordaos","acordaos-tr",460,"PRIMEIRA TURMA RECURSAL","ef7646018c",2024-03-01,4,2,4,8000,8000,"other"
"875ff66d-2967-4aeb-ad6c-087965971d70","acordaos","acordaos",198,"5ª TURMA CÍVEL","f07ec5c0df",2024-03-14,11,0,6,NA,5000,"consumer_service"
"87ed7e08-92b4-4bfd-bc8c-013bb65393cd","acordaos","acordaos",198,"4ª TURMA CÍVEL","dc185fdca3",2024-03-20,6,0,3,NA,20000,"medical"
"88dfd039-9993-4d0e-b545-f6f388d27f84","acordaos","acordaos",417,"3ª TURMA CRIMINAL","ce9ec5c04b",2024-03-14,7,0,0,NA,NA,"other"
"88e5e97d-dd26-4674-b12d-36dfbbe59b18","acordaos","acordaos",198,"2ª TURMA CÍVEL","c4bc5ec634",2024-03-13,14,0,12,NA,5000,"credit_listing"
"88fb155f-9425-4ad2-b54c-60a69001f2c2","acordaos","acordaos-tr",460,"SEGUNDA TURMA RECURSAL","914b495bd0",2024-03-04,12,6,12,3000,3000,"credit_listing"
"8928a12e-747d-4ad7-8ab1-2f6295831b26","acordaos","acordaos-tr",460,"TERCEIRA TURMA RECURSAL","a0f8949691",2024-03-18,8,4,8,3000,3000,"credit_listing"
"892ad1ce-d05d-4285-9d49-4f987f6bed1f","acordaos","acordaos-tr",460,"SEGUNDA TURMA RECURSAL","592078c0d0",2024-03-04,4,2,2,NA,NA,"air_travel"
"892c2ae8-c8da-4ff9-aaf9-193723e501af","acordaos","acordaos-tr",460,"SEGUNDA TURMA RECURSAL","5e0c5ae3c3",2024-03-04,14,7,2,NA,NA,"consumer_service"
"898da3d0-c130-4050-837b-090106680103","acordaos","acordaos",198,"5ª TURMA CÍVEL","8a4888bf5e",2024-03-07,1,0,1,NA,5000,"consumer_service"
"89aa966c-d50d-4348-a98e-fa5d9776d2cc","acordaos","acordaos-tr",460,"TERCEIRA TURMA RECURSAL","aa0cab12a8",2024-03-18,6,3,6,NA,NA,"air_travel"
"89bf2891-551d-4b84-9910-25422dd1f586","acordaos","acordaos-tr",460,"PRIMEIRA TURMA RECURSAL","c6e9121773",2024-03-26,10,2,9,2000,2000,"credit_listing"
"89d12c8a-e0d7-4321-94c8-19edcc1b1bc3","acordaos","acordaos-tr",460,"TERCEIRA TURMA RECURSAL","249fd17014",2024-03-18,4,1,0,NA,NA,"honor_privacy"
"89df2b7d-3ec3-4362-9f5b-b5fdc80e8688","acordaos","acordaos-tr",460,"TERCEIRA TURMA RECURSAL","e43afa8918",2024-03-18,8,4,4,NA,NA,"other"
"89e0ea9e-0541-479a-a0c1-6ec7fbb832a6","acordaos","acordaos",417,"1ª TURMA CRIMINAL","0bd6867b27",2024-03-25,9,0,4,NA,30,"other"
"8a54935c-2ce0-4acb-8db6-46609da8cb74","acordaos","acordaos-tr",460,"PRIMEIRA TURMA RECURSAL","c6e9121773",2024-03-01,21,1,4,NA,NA,"other"
"8a5adbbe-cb89-4984-8c30-5a6f85c3635d","acordaos","acordaos",198,"6ª TURMA CÍVEL","07312dd681",2024-03-20,17,0,3,NA,50161.77,"banking_fraud"
"8ad0d859-d3c3-4209-86ac-a56b9f2fbbb3","acordaos","acordaos",198,"1ª TURMA CÍVEL","f726893979",2024-03-13,4,0,4,NA,NA,"medical"
"8b30db70-0f38-4a3d-b5dc-496126a2119a","acordaos","acordaos",1728,"1ª TURMA CÍVEL","f726893979",2024-03-06,5,0,3,NA,NA,"wrongful_death"
"8b5d739a-5942-4eda-90b3-9c32eac0419b","acordaos","acordaos-tr",460,"PRIMEIRA TURMA RECURSAL","ef7646018c",2024-03-26,2,1,2,NA,NA,"honor_privacy"
"8bc1d628-7392-48ad-8c2f-ccd37cb8573e","acordaos","acordaos-tr",460,"SEGUNDA TURMA RECURSAL","592078c0d0",2024-03-20,8,4,4,3000,3000,"other"
"8bf703e8-226c-48d9-9487-4386181495af","acordaos","acordaos",1728,"5ª TURMA CÍVEL","f07ec5c0df",2024-03-21,17,0,8,NA,50000,"wrongful_death"
"8bfc6a17-29ee-422b-96e4-29f104a81501","acordaos","acordaos-tr",460,"PRIMEIRA TURMA RECURSAL","a54167199f",2024-03-01,10,5,6,5000,5000,"air_travel"
"8c422061-06be-46ea-a0a6-d6584f3dc471","acordaos","acordaos-tr",460,"SEGUNDA TURMA RECURSAL","9868b4f5a5",2024-03-18,32,16,22,3000,3000,"credit_listing"
"8c78a791-d448-426d-948f-259e4bcf036e","acordaos","acordaos",198,"1ª TURMA CÍVEL","f726893979",2024-03-20,9,0,5,NA,300,"state_liability"
"8cea5365-ac53-4367-8a23-f9bb1c07e256","acordaos","acordaos-tr",460,"PRIMEIRA TURMA RECURSAL","73ededad40",2024-03-26,0,NA,NA,NA,NA,"credit_listing"
"8d7f2c2e-841c-4d5c-b98a-ab0a2b23a58c","acordaos","acordaos",198,"5ª TURMA CÍVEL","d17cb21a51",2024-03-21,16,1,8,NA,50000,"wrongful_death"
"8dd5c33d-0134-4ec5-8d7c-aef6a973cc52","acordaos","acordaos-tr",460,"SEGUNDA TURMA RECURSAL","914b495bd0",2024-03-04,18,9,4,3000,3000,"consumer_service"
"8ddb35b2-668d-4466-a702-ef679619c2ed","acordaos","acordaos",198,"5ª TURMA CÍVEL","a68715f197",2024-03-06,15,1,8,5000,5000,"medical"
"8e7d7587-fdb8-4034-8a0e-bf2b080d44e4","acordaos","acordaos",202,"1ª TURMA CÍVEL","3d2279fc77",2024-03-20,0,NA,NA,NA,NA,"other"
"8e9161d6-3730-4015-82d3-a6f5fdf22081","acordaos","acordaos",198,"5ª TURMA CÍVEL","8a4888bf5e",2024-03-07,7,0,3,NA,30000,"credit_listing"
"8e975a1e-43dc-4425-83c5-93d759f571f4","acordaos","acordaos-tr",460,"PRIMEIRA TURMA RECURSAL","ef7646018c",2024-03-01,2,1,0,NA,NA,"other"
"8fe7eca1-be6e-41f3-a6a1-af1af486ccab","acordaos","acordaos",417,"1ª TURMA CRIMINAL","c8368eac56",2024-03-14,7,0,0,NA,NA,"wrongful_death"
"903b7dc6-6716-473c-a831-0ff4b9a1c460","acordaos","acordaos-tr",460,"PRIMEIRA TURMA RECURSAL","73ededad40",2024-03-26,22,11,20,2000,2000,"consumer_service"
"90537100-ee4c-4be7-a067-8afd2a6e65e0","acordaos","acordaos-tr",460,"PRIMEIRA TURMA RECURSAL","73ededad40",2024-03-26,4,2,0,NA,NA,"consumer_service"
"9103c478-6e49-4ef9-9ab8-3db3322dab68","acordaos","acordaos-tr",460,"TERCEIRA TURMA RECURSAL","aa0cab12a8",2024-03-18,4,2,2,NA,NA,"medical"
"913c4c67-1929-428e-932c-bda9390a3769","acordaos","acordaos-tr",460,"TERCEIRA TURMA RECURSAL","a0f8949691",2024-03-18,16,8,6,NA,NA,"consumer_service"
"915cfa2a-fbfb-401f-a734-119ce0b743f5","acordaos","acordaos",198,"2ª TURMA CÍVEL","d572ea40b4",2024-03-20,16,1,13,10000,5000,"other"
"9173387e-f5dd-45d6-bfb3-e33446ccb1e2","acordaos","acordaos",417,"2ª TURMA CRIMINAL","c43a20176d",2024-03-14,4,1,4,500,500,"other"
"917f9902-aef9-4cc4-8eba-733c777d0e91","acordaos","acordaos",198,"5ª TURMA CÍVEL","f07ec5c0df",2024-03-07,4,0,2,NA,15000,"other"
"926c9ddd-5634-4d47-ad92-d40eef2a5633","acordaos","acordaos-tr",460,"TERCEIRA TURMA RECURSAL","aa0cab12a8",2024-03-18,2,1,0,NA,NA,"credit_listing"
"92a3756c-f7eb-4bad-ab5e-110eeea297de","acordaos","acordaos",198,"6ª TURMA CÍVEL","0915b060c7",2024-03-20,48,4,11,NA,5000,"banking_fraud"
"92e63537-e338-46fe-b005-53b0d583965c","acordaos","acordaos",198,"1ª TURMA CÍVEL","3d2279fc77",2024-03-20,6,0,4,NA,3000,"medical"
"93071ee0-5375-4978-b852-d34b2affad16","acordaos","acordaos-tr",460,"PRIMEIRA TURMA RECURSAL","c6e9121773",2024-03-26,13,3,9,1000,1000,"consumer_service"
"9348b397-1373-47d2-844e-9738361e8394","acordaos","acordaos",198,"4ª TURMA CÍVEL","063a92aa45",2024-03-20,12,0,3,NA,NA,"wrongful_death"
"94a04d52-c0eb-4f67-9bef-15939e77728a","acordaos","acordaos-tr",460,"PRIMEIRA TURMA RECURSAL","a54167199f",2024-03-26,0,NA,NA,NA,NA,"credit_listing"
"95c1fbe4-19ef-40ba-994d-c78848003afb","acordaos","acordaos",198,"5ª TURMA CÍVEL","f07ec5c0df",2024-03-06,9,0,5,NA,10000,"other"
"95f77efe-3eb0-4a3d-8508-3c1b5186aaaf","acordaos","acordaos-tr",460,"TERCEIRA TURMA RECURSAL","249fd17014",2024-03-18,3,1,3,NA,NA,"medical"
"964b8d58-d515-4eb8-84e6-b80b7442b36c","acordaos","acordaos",198,"4ª TURMA CÍVEL","f9b9a227a6",2024-03-07,7,0,0,NA,NA,"other"
"96814389-9cdf-4681-ada3-720b73648205","acordaos","acordaos-tr",460,"SEGUNDA TURMA RECURSAL","914b495bd0",2024-03-18,12,6,6,NA,NA,"air_travel"
"970ca02b-3319-4992-a5b5-6a1de7e27b24","acordaos","acordaos",417,"3ª TURMA CRIMINAL","f41922db99",2024-03-14,2,0,1,NA,NA,"wrongful_death"
"97822e65-2a77-48be-8894-2503f395e072","acordaos","acordaos-tr",460,"TERCEIRA TURMA RECURSAL","aa0cab12a8",2024-03-18,12,6,10,3000,3000,"consumer_service"
"978af4af-0da5-48a8-8010-8a93698688a0","acordaos","acordaos-tr",460,"SEGUNDA TURMA RECURSAL","592078c0d0",2024-03-20,12,6,6,5000,5000,"credit_listing"
"97ba213f-b13d-4a1d-bbbc-d4068cf1e4aa","acordaos","acordaos-tr",460,"PRIMEIRA TURMA RECURSAL","73ededad40",2024-03-01,4,2,4,NA,NA,"other"
"9811d4b0-09cd-42e1-b621-beb30f33d6e9","acordaos","acordaos-tr",460,"TERCEIRA TURMA RECURSAL","249fd17014",2024-03-18,4,0,2,NA,NA,"consumer_service"
"98bfcf02-b90d-452e-bc63-d71ecce62998","acordaos","acordaos",198,"7ª TURMA CÍVEL","15e13c4a5d",2024-03-13,9,0,6,NA,1968.22,"medical"
"9941d214-4a69-452c-b0d9-27139535338b","acordaos","acordaos",198,"8ª TURMA CÍVEL","bdca023e1d",2024-03-05,19,0,1,NA,NA,"medical"
"99aa495c-137d-47d4-b826-e729e13cc3d0","acordaos","acordaos-tr",460,"SEGUNDA TURMA RECURSAL","9868b4f5a5",2024-03-04,4,2,4,NA,NA,"other"
"99b47939-2810-400a-b98c-2a4d48a18fb6","acordaos","acordaos-tr",460,"SEGUNDA TURMA RECURSAL","592078c0d0",2024-03-18,4,2,4,5000,5000,"credit_listing"
"99bc39ce-00fa-48de-8c96-4c20ace47a8d","acordaos","acordaos",198,"5ª TURMA CÍVEL","d17cb21a51",2024-03-21,12,0,10,NA,2000,"consumer_service"
"9a287aff-7034-4bf8-8896-951cebf5a451","acordaos","acordaos",198,"1ª TURMA CÍVEL","3f8f67d7e7",2024-03-20,17,1,4,2000,2000,"credit_listing"
"9b032452-6d00-4652-9aeb-9444cd07e431","acordaos","acordaos-tr",460,"PRIMEIRA TURMA RECURSAL","73ededad40",2024-03-01,14,7,6,NA,NA,"consumer_service"
"9b4aba4c-a010-4ede-87cf-2f6f71384fd2","acordaos","acordaos-tr",460,"SEGUNDA TURMA RECURSAL","914b495bd0",2024-03-04,4,2,2,NA,NA,"consumer_service"
"9b59a770-99b3-4a74-9d53-42e3e562c1cd","acordaos","acordaos",198,"6ª TURMA CÍVEL","63076d9700",2024-03-06,5,0,5,NA,5000,"medical"
"9c1adc56-c5a2-4d59-9636-2c1ae7e33f6d","acordaos","acordaos",198,"7ª TURMA CÍVEL","75da02d29b",2024-03-20,6,1,3,NA,3000,"medical"
"9c3dd43e-45f3-4d6a-975f-d2d6b95265c7","acordaos","acordaos-tr",460,"SEGUNDA TURMA RECURSAL","914b495bd0",2024-03-18,6,3,2,NA,NA,"air_travel"
"9c513ffc-7b12-4c3e-9d3e-6502f3dedead","acordaos","acordaos-tr",460,"TERCEIRA TURMA RECURSAL","a0f8949691",2024-03-18,8,4,0,NA,NA,"consumer_service"
"9c6ef0d0-fdc0-4709-b296-394f6716b033","acordaos","acordaos-tr",460,"PRIMEIRA TURMA RECURSAL","a54167199f",2024-03-26,2,1,0,NA,NA,"credit_listing"
"9cbcebfc-38ef-497c-bd19-053cfacbaeee","acordaos","acordaos-tr",460,"SEGUNDA TURMA RECURSAL","5e0c5ae3c3",2024-03-18,4,2,4,3000,3000,"consumer_service"
"9cf50ca1-f310-451b-9992-c64d58b61eee","acordaos","acordaos",198,"1ª TURMA CÍVEL","f726893979",2024-03-21,7,0,1,NA,NA,"credit_listing"
"9d2f1e82-e997-4ed0-8814-9122570d9035","acordaos","acordaos",198,"5ª TURMA CÍVEL","a68715f197",2024-03-06,31,0,5,NA,10000,"other"
"9d608a3d-bf2d-4111-9ae6-5ee0b81b85ac","acordaos","acordaos-tr",460,"PRIMEIRA TURMA RECURSAL","73ededad40",2024-03-26,8,4,6,3000,3000,"consumer_service"
"9de93f41-e55f-4c52-b8a6-e0aae3693866","acordaos","acordaos",198,"2ª TURMA CÍVEL","4981944123",2024-03-06,7,0,4,NA,NA,"other"
"9df4e3c8-5eac-438e-a6d3-300f1bfa48ab","acordaos","acordaos",198,"6ª TURMA CÍVEL","63076d9700",2024-03-06,3,0,3,NA,NA,"consumer_service"
"9e3b47e0-0740-47c4-8bd4-05b8ebe1125d","acordaos","acordaos",198,"4ª TURMA CÍVEL","f9b9a227a6",2024-03-07,0,NA,NA,NA,NA,"honor_privacy"
"9e859b5b-738f-4e53-b354-00c65582c2be","acordaos","acordaos",1689,"5ª TURMA CÍVEL","c506524a36",2024-03-14,0,NA,NA,NA,NA,"other"
"9ef41b25-2b67-4e10-9a99-10a1a8dd3125","acordaos","acordaos",417,"3ª TURMA CRIMINAL","944690acab",2024-03-07,3,0,3,NA,1000,"other"
"9fb69888-2efd-40f1-ab0a-c31e216aa9fc","acordaos","acordaos",198,"8ª TURMA CÍVEL","5ef182d4af",2024-03-21,11,0,6,NA,30000,"medical"
"a0093e2d-db0a-4722-9026-8fe75a7fd932","acordaos","acordaos",417,"2ª TURMA CRIMINAL","c43a20176d",2024-03-14,4,1,4,500,500,"other"
"a0f99d98-d5e0-4f9c-87a6-d78c14aa99af","acordaos","acordaos-tr",460,"PRIMEIRA TURMA RECURSAL","73ededad40",2024-03-26,14,7,12,4,4,"other"
"a171fa38-1741-4f11-a21c-d6522c70d60f","acordaos","acordaos-tr",460,"SEGUNDA TURMA RECURSAL","5e0c5ae3c3",2024-03-18,14,7,0,NA,NA,"air_travel"
"a1d855f0-41bd-43e7-9297-88d219c2a01e","acordaos","acordaos-tr",460,"SEGUNDA TURMA RECURSAL","592078c0d0",2024-03-18,0,NA,NA,NA,NA,"air_travel"
"a1ea31df-2382-4681-8766-549acbeb70a1","acordaos","acordaos",417,"1ª TURMA CRIMINAL","e48f5e14a5",2024-03-14,3,0,3,NA,5000,"other"
"a2670eb1-057a-4091-98f1-5b3503b36a01","acordaos","acordaos",198,"1ª TURMA CÍVEL","f726893979",2024-03-20,26,1,11,3000,4000,"air_travel"
"a298df62-0143-47f5-8436-fac6d85be7c4","acordaos","acordaos-tr",460,"TERCEIRA TURMA RECURSAL","e43afa8918",2024-03-18,0,NA,NA,NA,NA,"banking_fraud"
"a2e1ba40-746a-481e-a0e4-174c0e875143","acordaos","acordaos-tr",460,"TERCEIRA TURMA RECURSAL","a0f8949691",2024-03-18,2,1,2,NA,NA,"other"
"a2e578b9-ac7a-4a3e-9282-5d83db41f680","acordaos","acordaos",417,"1ª TURMA CRIMINAL","662aeab684",2024-03-25,2,0,1,NA,NA,"other"
"a32f7ffa-17de-4300-80c9-8e87a7b86538","acordaos","acordaos-tr",460,"SEGUNDA TURMA RECURSAL","592078c0d0",2024-03-18,2,1,2,2000,2000,"credit_listing"
"a34251f7-81ce-4a25-a899-cbe9ed25e07f","acordaos","acordaos",417,"2ª TURMA CRIMINAL","fb9644293f",2024-03-25,6,1,4,500,500,"other"
"a3496978-bbda-4f43-93ad-df0a580a033b","acordaos","acordaos",198,"6ª TURMA CÍVEL","d30385f876",2024-03-13,4,0,3,NA,10000,"medical"
"a418afb8-06ee-46c9-a3d7-d29590ee8262","acordaos","acordaos",198,"1ª TURMA CÍVEL","d9e51b3034",2024-03-06,8,0,5,NA,5000,"banking_fraud"
"a4ce59c4-5e7c-4cd7-91c6-a5b625036aa5","acordaos","acordaos-tr",460,"PRIMEIRA TURMA RECURSAL","a54167199f",2024-03-26,8,4,6,5000,5000,"consumer_service"
"a4f7b4d6-97bd-427a-859a-695519643390","acordaos","acordaos-tr",460,"SEGUNDA TURMA RECURSAL","5e0c5ae3c3",2024-03-18,10,5,0,NA,NA,"other"
"a5570e80-17f8-46b7-8360-91b611e35fc7","acordaos","acordaos-tr",460,"SEGUNDA TURMA RECURSAL","9868b4f5a5",2024-03-04,4,2,4,NA,NA,"other"
"a5d08e26-aa39-4a0c-97ad-e4415ff07d6d","acordaos","acordaos",198,"4ª TURMA CÍVEL","ea4916549f",2024-03-20,11,0,2,NA,5000,"banking_fraud"
"a5dba09b-5240-4ae5-a923-1b01c65fb094","acordaos","acordaos-tr",460,"PRIMEIRA TURMA RECURSAL","73ededad40",2024-03-01,10,5,0,NA,NA,"consumer_service"
"a5f0f2ce-5326-4af9-8d1d-8ba13785b4aa","acordaos","acordaos-tr",1689,"PRIMEIRA TURMA RECURSAL","a54167199f",2024-03-26,20,10,10,5000,5000,"air_travel"
"a6947d35-110d-4cd6-acb4-ab63aa35b91e","acordaos","acordaos-tr",460,"PRIMEIRA TURMA RECURSAL","ef7646018c",2024-03-01,8,4,2,NA,NA,"air_travel"
"a6b89300-3042-4008-b977-7fac98acffa2","acordaos","acordaos-tr",460,"SEGUNDA TURMA RECURSAL","592078c0d0",2024-03-04,4,2,4,8000,8000,"medical"
"a6c7686d-8941-45c2-9933-0c8afa0d652c","acordaos","acordaos",198,"7ª TURMA CÍVEL","f6abe097b7",2024-03-13,22,0,6,NA,NA,"other"
"a722b999-e5ab-44c0-9489-0328837844ef","acordaos","acordaos",198,"6ª TURMA CÍVEL","d30385f876",2024-03-06,19,0,10,NA,1000,"credit_listing"
"a72c4a80-273a-4ef1-9d82-59d43198d395","acordaos","acordaos-tr",460,"PRIMEIRA TURMA RECURSAL","73ededad40",2024-03-26,6,3,6,4000,4000,"wrongful_death"
"a7529d80-4658-4d80-b40d-5905abeb4a1c","acordaos","acordaos-tr",460,"PRIMEIRA TURMA RECURSAL","a54167199f",2024-03-26,6,3,4,10000,10000,"air_travel"
"a7941944-4809-422e-9e9d-7a57faf09a47","acordaos","acordaos",198,"1ª TURMA CÍVEL","d9e51b3034",2024-03-20,5,0,0,NA,NA,"other"
"a819e719-fb7f-473b-9730-49017668bfc8","acordaos","acordaos",198,"7ª TURMA CÍVEL","75da02d29b",2024-03-06,10,1,8,NA,5000,"air_travel"
"a856f16e-1fef-4cfb-a0a4-b46317d8a1b4","acordaos","acordaos-tr",460,"SEGUNDA TURMA RECURSAL","914b495bd0",2024-03-18,14,7,6,3000,3000,"consumer_service"
"a85ff433-3bbc-4c73-b96c-fac8710078fb","acordaos","acordaos",198,"5ª TURMA CÍVEL","c506524a36",2024-03-14,9,1,8,5000,5000,"other"
"a86bbcec-dc66-459f-827d-fe18cd534978","acordaos","acordaos",198,"6ª TURMA CÍVEL","9f4ca60681",2024-03-06,12,0,2,NA,NA,"credit_listing"
"a870e61a-0367-4b3f-9198-78fc8332a30f","acordaos","acordaos-tr",460,"PRIMEIRA TURMA RECURSAL","ef7646018c",2024-03-26,16,8,8,NA,NA,"banking_fraud"
"a8c8d30a-043f-4418-90a5-e06eaf92dec6","acordaos","acordaos-tr",460,"SEGUNDA TURMA RECURSAL","5e0c5ae3c3",2024-03-18,2,1,2,2500,2500,"credit_listing"
"a9190880-f217-4792-bc91-8ada9b8cda72","acordaos","acordaos-tr",460,"SEGUNDA TURMA RECURSAL","9868b4f5a5",2024-03-04,14,7,10,7000,7000,"consumer_service"
"a94249d2-962e-444d-8090-393822c98299","acordaos","acordaos-tr",460,"SEGUNDA TURMA RECURSAL","9868b4f5a5",2024-03-18,28,8,17,2000,2000,"consumer_service"
"a9928f02-8c7c-4088-b2bc-cc9c41ff0f9d","acordaos","acordaos",198,"6ª TURMA CÍVEL","d30385f876",2024-03-26,13,1,6,3000,3000,"banking_fraud"
"a9ca9fd8-8258-42f0-8a83-f8fb4ae68eb2","acordaos","acordaos-tr",460,"TERCEIRA TURMA RECURSAL","aa0cab12a8",2024-03-18,12,6,6,NA,NA,"consumer_service"
"aa41241c-194d-4e06-9c45-3e16c158b704","acordaos","acordaos",198,"4ª TURMA CÍVEL","dc185fdca3",2024-03-21,4,0,0,NA,NA,"consumer_service"
"aacaf286-b009-4582-97e1-63b6b7f75841","acordaos","acordaos",198,"4ª TURMA CÍVEL","23e658a6ab",2024-03-14,1,0,1,NA,NA,"other"
"aaf72696-f937-4a41-995c-1031f30b5447","acordaos","acordaos-tr",460,"SEGUNDA TURMA RECURSAL","592078c0d0",2024-03-18,2,1,2,5000,5000,"consumer_service"
"aaf73f62-9f77-43b6-9f7d-44ea9703af80","acordaos","acordaos",198,"5ª TURMA CÍVEL","d17cb21a51",2024-03-21,6,0,3,NA,NA,"other"
"ab5f0a8f-eaee-46ad-85c3-1fd028feae79","acordaos","acordaos-tr",460,"SEGUNDA TURMA RECURSAL","914b495bd0",2024-03-18,20,10,6,NA,NA,"other"
"ac7e1f85-bb85-45e5-8f71-a1abe0f55c14","acordaos","acordaos",198,"3ª TURMA CÍVEL","8e30f54e7a",2024-03-07,1,0,0,NA,NA,"other"
"acc0d851-88c8-4230-bc18-e171b9636a7e","acordaos","acordaos-tr",460,"TERCEIRA TURMA RECURSAL","a0f8949691",2024-03-18,6,3,4,NA,NA,"credit_listing"
"acf5003c-25c0-476c-a8c7-0f6687f03c05","acordaos","acordaos",417,"2ª TURMA CRIMINAL","411a3306dd",2024-03-21,3,0,0,NA,NA,"other"
"ad648d8a-4cc4-49e3-a400-563aba2f03fd","acordaos","acordaos-tr",460,"TERCEIRA TURMA RECURSAL","aa0cab12a8",2024-03-18,4,2,4,NA,NA,"credit_listing"
"ad994653-7fe8-4db8-bad3-17cbf844dd5b","acordaos","acordaos",198,"1ª TURMA CÍVEL","3d2279fc77",2024-03-20,5,0,3,NA,15000,"medical"
"adc5cbbc-b2bd-4196-baf4-4b641b1f318d","acordaos","acordaos-tr",460,"PRIMEIRA TURMA RECURSAL","ef7646018c",2024-03-01,0,NA,NA,NA,NA,"credit_listing"
"ade12e45-2792-411f-90aa-47f331d1dd4e","acordaos","acordaos",198,"8ª TURMA CÍVEL","bdca023e1d",2024-03-05,2,0,1,NA,NA,"credit_listing"
"adec2c63-3e4d-4a14-a3f2-c22a0a0b7be8","acordaos","acordaos-tr",1689,"PRIMEIRA TURMA RECURSAL","73ededad40",2024-03-01,2,1,2,NA,NA,"credit_listing"
"adeec948-6bc3-446e-bbfc-40c1f92d71de","acordaos","acordaos-tr",460,"SEGUNDA TURMA RECURSAL","592078c0d0",2024-03-04,2,1,2,NA,NA,"credit_listing"
"adf97122-5ba6-416e-953d-c8f03b10ed96","acordaos","acordaos",417,"2ª TURMA CRIMINAL","fb9644293f",2024-03-25,10,0,6,NA,1000,"credit_listing"
"ae25b85a-1be6-477f-a687-d82ff15bbb1c","acordaos","acordaos",198,"1ª TURMA CÍVEL","3d2279fc77",2024-03-06,17,0,8,NA,5000,"air_travel"
"aec63e19-0651-44e7-828d-680227c6abfa","acordaos","acordaos-tr",460,"PRIMEIRA TURMA RECURSAL","ef7646018c",2024-03-26,2,1,2,NA,NA,"other"
"aed7d0a2-1b5b-4377-91cf-a089a95519eb","acordaos","acordaos",198,"5ª TURMA CÍVEL","d17cb21a51",2024-03-20,18,0,6,NA,47300,"wrongful_death"
"aef65e46-682f-4f59-9780-729c6094f524","acordaos","acordaos",198,"5ª TURMA CÍVEL","a68715f197",2024-03-07,10,1,7,NA,5000,"credit_listing"
"af200ab9-1121-47fb-9252-f77c35ec073e","acordaos","acordaos-tr",460,"TERCEIRA TURMA RECURSAL","a0f8949691",2024-03-18,2,1,2,NA,NA,"credit_listing"
"afc6ed43-4bbc-4035-9a52-2fe7520de967","acordaos","acordaos-tr",460,"PRIMEIRA TURMA RECURSAL","73ededad40",2024-03-26,18,9,2,3500,3500,"banking_fraud"
"afc8bd9b-9cc2-4d57-a53d-5bc845bfe95c","acordaos","acordaos",198,"7ª TURMA CÍVEL","ef17ff9efb",2024-03-06,25,1,12,3000,3000,"credit_listing"
"afdc4fd2-5b12-4212-98a4-581e4e2eeb2f","acordaos","acordaos",198,"4ª TURMA CÍVEL","f9b9a227a6",2024-03-21,8,0,1,NA,NA,"banking_fraud"
"aff51a7a-bf56-4f0d-a41f-32db2b379041","acordaos","acordaos",198,"3ª TURMA CÍVEL","d52cc55da4",2024-03-14,8,1,4,NA,5000,"credit_listing"
"b0077c13-966e-416e-830f-c85ae78b806f","acordaos","acordaos",417,"3ª TURMA CRIMINAL","ce9ec5c04b",2024-03-14,12,0,3,NA,400,"wrongful_death"
"b013ad00-b7bf-4156-87a6-c04ae7bb85b2","acordaos","acordaos",198,"2ª TURMA CÍVEL","beaf6fe3d9",2024-03-13,13,1,8,NA,5000,"other"
"b06457be-e38f-4df9-90a8-9f0f6ba89754","acordaos","acordaos-tr",460,"PRIMEIRA TURMA RECURSAL","ef7646018c",2024-03-26,0,NA,NA,NA,NA,"consumer_service"
"b0ae42ae-eb85-46cc-88c6-3568347a350b","acordaos","acordaos",198,"5ª TURMA CÍVEL","d17cb21a51",2024-03-07,5,0,1,NA,NA,"credit_listing"
"b0bdd325-14e6-4aa5-b326-673cb3663dbd","acordaos","acordaos",198,"7ª TURMA CÍVEL","f6abe097b7",2024-03-06,4,0,3,NA,5000,"medical"
"b10b0c94-1de2-462e-b178-15f3afd9ef84","acordaos","acordaos",325,"CÂMARA CRIMINAL","ce9ec5c04b",2024-03-06,0,NA,NA,NA,NA,"other"
"b12586a2-b4c8-4f7b-a2f9-a1ce1da0377d","acordaos","acordaos-tr",460,"PRIMEIRA TURMA RECURSAL","ef7646018c",2024-03-01,0,NA,NA,NA,NA,"other"
"b1ef8820-b20c-4baa-9c97-ca467e8dd3ed","acordaos","acordaos-tr",460,"TERCEIRA TURMA RECURSAL","a0f8949691",2024-03-18,16,8,12,2000,2000,"other"
"b224c97e-9e82-412b-9600-13a9f4cc16cd","acordaos","acordaos-tr",460,"TERCEIRA TURMA RECURSAL","e43afa8918",2024-03-18,4,2,4,2000,2000,"other"
"b281899d-0b72-40c3-b69d-f10d78a5fb41","acordaos","acordaos",198,"3ª TURMA CÍVEL","8e30f54e7a",2024-03-07,10,0,8,NA,5000,"air_travel"
"b2965a94-c466-461d-81c3-26ac9c3eb776","acordaos","acordaos-tr",1689,"PRIMEIRA TURMA RECURSAL","73ededad40",2024-03-01,2,1,2,NA,NA,"credit_listing"
"b31d0727-ea91-4e24-a138-9f386cce8c08","acordaos","acordaos",198,"8ª TURMA CÍVEL","bdca023e1d",2024-03-19,9,1,5,3000,8000,"credit_listing"
"b3b691f6-9ed1-45e2-baf9-60e20b4c8e6e","acordaos","acordaos",417,"3ª TURMA CRIMINAL","e687bf02b2",2024-03-07,5,0,5,NA,500,"other"
"b420cac1-4dca-495f-89d8-322cd60cd7ba","acordaos","acordaos-tr",460,"PRIMEIRA TURMA RECURSAL","73ededad40",2024-03-26,4,2,4,NA,NA,"other"
"b4587b05-d552-42e6-94e1-aefb69abb241","acordaos","acordaos-tr",460,"PRIMEIRA TURMA RECURSAL","c6e9121773",2024-03-26,10,2,4,NA,3000,"air_travel"
"b49d919e-7138-4318-83e1-0c74b445a2a4","acordaos","acordaos",198,"8ª TURMA CÍVEL","5d8d470f51",2024-03-21,5,0,3,NA,2000,"honor_privacy"
"b4c2df77-2c46-479e-b32c-44b47e4e4022","acordaos","acordaos",417,"2ª TURMA CRIMINAL","fb9644293f",2024-03-14,2,0,1,NA,300,"other"
"b4d316b1-98f9-4826-92b3-9e6e876630bd","acordaos","acordaos-tr",460,"SEGUNDA TURMA RECURSAL","592078c0d0",2024-03-04,4,2,2,NA,NA,"credit_listing"
"b5eed863-08c3-4de1-8ef9-a302bfa2897e","acordaos","acordaos",417,"1ª TURMA CRIMINAL","c8368eac56",2024-03-21,5,0,1,NA,15000,"other"
"b5f19e64-0a62-4431-9049-2f94dbc521be","acordaos","acordaos",198,"7ª TURMA CÍVEL","a0f4d91d16",2024-03-13,10,0,6,NA,NA,"medical"
"b631d02f-d315-48c4-a48e-c16853cdf573","acordaos","acordaos",198,"5ª TURMA CÍVEL","f07ec5c0df",2024-03-21,3,0,3,NA,5000,"other"
"b6710bab-90bd-4c17-9c22-840d6da33fbc","acordaos","acordaos-tr",460,"PRIMEIRA TURMA RECURSAL","c6e9121773",2024-03-01,2,1,0,NA,NA,"honor_privacy"
"b6b64c48-2c6f-43ba-ab43-43dc024552c6","acordaos","acordaos",417,"2ª TURMA CRIMINAL","7cee760b43",2024-03-25,2,0,2,NA,NA,"wrongful_death"
"b6c3dd4c-9f49-41ce-87b0-417084975baf","acordaos","acordaos-tr",460,"PRIMEIRA TURMA RECURSAL","73ededad40",2024-03-26,2,1,0,NA,NA,"consumer_service"
"b9061304-dad9-42f5-8973-6f84e89c221e","acordaos","acordaos-tr",460,"PRIMEIRA TURMA RECURSAL","a54167199f",2024-03-26,6,3,2,NA,NA,"consumer_service"
"b917c2f3-4689-4ef8-8dbc-b1bc53ad6850","acordaos","acordaos-tr",460,"SEGUNDA TURMA RECURSAL","592078c0d0",2024-03-18,10,5,10,3000,3000,"air_travel"
"b95b746d-1372-42b1-9490-b4b410ce804e","acordaos","acordaos-tr",460,"PRIMEIRA TURMA RECURSAL","73ededad40",2024-03-26,4,2,4,NA,NA,"other"
"b988be77-7a45-448d-a05e-ec0786b3ffdd","acordaos","acordaos-tr",460,"PRIMEIRA TURMA RECURSAL","c6e9121773",2024-03-01,7,2,5,8000,8000,"air_travel"
"b9b375a7-26da-4f78-b79e-83022951bb06","acordaos","acordaos-tr",460,"PRIMEIRA TURMA RECURSAL","73ededad40",2024-03-01,6,3,0,NA,NA,"other"
"ba4022a2-de3e-43ae-a994-896b5c6a26ea","acordaos","acordaos",198,"7ª TURMA CÍVEL","75da02d29b",2024-03-13,3,0,2,NA,NA,"medical"
"ba677e43-51cc-4660-8c36-051eb13b74bc","acordaos","acordaos-tr",460,"SEGUNDA TURMA RECURSAL","914b495bd0",2024-03-18,12,6,6,NA,NA,"other"
"baefc259-06b9-4858-8f18-d84570a082e3","acordaos","acordaos-tr",460,"PRIMEIRA TURMA RECURSAL","a54167199f",2024-03-26,26,13,2,NA,NA,"honor_privacy"
"bb1c8f56-63d0-42a7-8f6f-b2e4a33b47ba","acordaos","acordaos-tr",460,"SEGUNDA TURMA RECURSAL","592078c0d0",2024-03-04,4,2,4,NA,NA,"air_travel"
"bb4f8188-5596-4fea-8bf9-6a94845053aa","acordaos","acordaos-tr",460,"SEGUNDA TURMA RECURSAL","592078c0d0",2024-03-04,14,7,6,2000,2000,"consumer_service"
"bb5b1017-9c46-4bf6-8db8-f9295847d155","acordaos","acordaos",417,"1ª TURMA CRIMINAL","c8368eac56",2024-03-25,2,0,1,NA,NA,"other"
"bc37fe2e-28be-4140-9092-f1f2ea1a6676","acordaos","acordaos",198,"6ª TURMA CÍVEL","0915b060c7",2024-03-06,9,0,6,NA,2000,"credit_listing"
"bc5396bd-0833-4360-885e-ecff094ae9e6","acordaos","acordaos-tr",460,"TERCEIRA TURMA RECURSAL","a0f8949691",2024-03-18,6,3,2,NA,NA,"other"
"bce10cb0-5b28-403d-96aa-97377236c992","acordaos","acordaos",198,"7ª TURMA CÍVEL","f6abe097b7",2024-03-13,4,0,4,NA,NA,"other"
"bcf4978d-d8c5-4b59-885a-a8faa4066423","acordaos","acordaos",198,"2ª TURMA CÍVEL","d572ea40b4",2024-03-13,6,2,6,5000,5000,"other"
"bdd250e0-40a5-496d-a1c4-4f79980028b6","acordaos","acordaos-tr",460,"SEGUNDA TURMA RECURSAL","914b495bd0",2024-03-18,16,8,12,NA,NA,"air_travel"
"be0acb85-b52c-40ec-9961-9b9a96b79a85","acordaos","acordaos",198,"1ª TURMA CÍVEL","d9e51b3034",2024-03-20,11,2,8,NA,NA,"wrongful_death"
"be0e1141-3557-4b11-b0ec-0317059f0a51","acordaos","acordaos",417,"2ª TURMA CRIMINAL","875abf85dd",2024-03-07,2,0,2,NA,250,"other"
"be1e3719-4ca1-4c9b-a71e-6f8ed07788c7","acordaos","acordaos-tr",460,"PRIMEIRA TURMA RECURSAL","73ededad40",2024-03-26,8,4,8,3000,3000,"credit_listing"
"be6d7997-d7af-4bc1-9a7d-ab84be0bf451","acordaos","acordaos-tr",460,"TERCEIRA TURMA RECURSAL","aa0cab12a8",2024-03-18,12,6,10,3000,3000,"honor_privacy"
"bea85f65-9092-461a-a4c0-f550dc397b6e","acordaos","acordaos-tr",460,"TERCEIRA TURMA RECURSAL","aa0cab12a8",2024-03-18,12,6,8,2000,2000,"honor_privacy"
"bf4aca2a-00fc-4031-84a2-ed5c54348805","acordaos","acordaos",198,"5ª TURMA CÍVEL","f07ec5c0df",2024-03-07,7,0,3,NA,2000,"other"
"bf5d4790-9661-4244-8b07-7d986007e3b5","acordaos","acordaos-tr",460,"PRIMEIRA TURMA RECURSAL","c6e9121773",2024-03-26,3,0,2,NA,NA,"consumer_service"
"bf799f09-70d8-4142-80f6-8cf1bf9d7a2c","acordaos","acordaos",198,"4ª TURMA CÍVEL","23e658a6ab",2024-03-14,6,1,5,5000,12000,"medical"
"bfabf96e-3293-440e-adc5-c9a496eb3a8c","acordaos","acordaos-tr",460,"PRIMEIRA TURMA RECURSAL","ef7646018c",2024-03-01,6,3,2,NA,NA,"air_travel"
"c0160068-6e0c-4f6b-abe4-af8bf8095d32","acordaos","acordaos-tr",460,"PRIMEIRA TURMA RECURSAL","c6e9121773",2024-03-01,3,0,2,NA,NA,"banking_fraud"
"c04fd20e-b37a-4b1b-9c1e-1e4c76dc8f2d","acordaos","acordaos-tr",460,"SEGUNDA TURMA RECURSAL","9868b4f5a5",2024-03-04,0,NA,NA,NA,NA,"other"
"c06e3261-1d21-4fbd-969c-2af01e8647c2","acordaos","acordaos-tr",460,"PRIMEIRA TURMA RECURSAL","ef7646018c",2024-03-26,2,1,0,NA,NA,"credit_listing"
"c0f38918-8b41-42ed-8a89-11e76f2e8b53","acordaos","acordaos",417,"1ª TURMA CRIMINAL","e48f5e14a5",2024-03-21,10,0,5,NA,300,"other"
"c12ea4d7-790b-49c3-9c84-d51ca1ddef97","acordaos","acordaos-tr",460,"TERCEIRA TURMA RECURSAL","e43afa8918",2024-03-18,0,NA,NA,NA,NA,"air_travel"
"c18c9cfe-1d5c-4b1f-b60f-274705d28108","acordaos","acordaos",198,"2ª TURMA CÍVEL","beaf6fe3d9",2024-03-06,7,0,6,NA,10000,"other"
"c1bb16e7-a0cd-4808-aef5-5bd347420af0","acordaos","acordaos-tr",460,"TERCEIRA TURMA RECURSAL","aa0cab12a8",2024-03-18,10,5,2,NA,NA,"consumer_service"
"c1cb3937-2bbf-4911-a478-6dcc9830ccd5","acordaos","acordaos",417,"2ª TURMA CRIMINAL","7cee760b43",2024-03-25,3,0,3,NA,500,"other"
"c1dd77d2-49b1-404f-9ce0-a889e6bd1d40","acordaos","acordaos",198,"7ª TURMA CÍVEL","f6abe097b7",2024-03-20,3,0,3,NA,NA,"medical"
"c1e25b74-1138-4ecb-8b2a-75cc3f5b9ee7","acordaos","acordaos-tr",460,"PRIMEIRA TURMA RECURSAL","c6e9121773",2024-03-01,9,2,6,NA,NA,"consumer_service"
"c1f027cb-930b-4ace-b123-cba9e39e1ac0","acordaos","acordaos",417,"2ª TURMA CRIMINAL","fb9644293f",2024-03-07,5,0,3,NA,NA,"other"
"c21f4878-f791-49e4-8d54-bd26720c2467","acordaos","acordaos",417,"1ª TURMA CRIMINAL","0bd6867b27",2024-03-21,3,0,3,NA,300,"other"
"c25a847a-2a68-42cf-8283-90e8b417fe69","acordaos","acordaos-tr",460,"PRIMEIRA TURMA RECURSAL","73ededad40",2024-03-26,4,2,4,NA,NA,"air_travel"
"c2dc862c-aa04-4b86-9890-66f6e34437ac","acordaos","acordaos",198,"4ª TURMA CÍVEL","063a92aa45",2024-03-07,5,0,3,NA,15000,"medical"
"c30d3776-cdd2-44ff-bfee-49f944d6f460","acordaos","acordaos-tr",460,"PRIMEIRA TURMA RECURSAL","c6e9121773",2024-03-26,18,4,2,NA,NA,"other"
"c3605667-5796-4011-b98e-c98ca4daae6c","acordaos","acordaos",198,"1ª TURMA CÍVEL","3f8f67d7e7",2024-03-06,3,0,2,NA,NA,"medical"
"c378f503-e928-4354-b527-f3746f44b18b","acordaos","acordaos",198,"5ª TURMA CÍVEL","a68715f197",2024-03-14,8,1,2,NA,15000,"medical"
"c393742b-4c47-46c3-a345-708502f26338","acordaos","acordaos",198,"2ª TURMA CÍVEL","c4bc5ec634",2024-03-20,3,1,3,NA,NA,"wrongful_death"
"c41d8da0-cc0b-4540-9a74-55c45f279a01","acordaos","acordaos",417,"3ª TURMA CRIMINAL","f41922db99",2024-03-14,3,0,2,NA,NA,"wrongful_death"
"c4a6532d-7cc0-4596-b278-8cb1c52c9148","acordaos","acordaos-tr",460,"TERCEIRA TURMA RECURSAL","249fd17014",2024-03-18,17,1,7,NA,3000,"consumer_service"
"c4f3847d-c0b3-4278-b3f1-51443c8944fc","acordaos","acordaos-tr",460,"SEGUNDA TURMA RECURSAL","5e0c5ae3c3",2024-03-04,2,1,0,NA,NA,"credit_listing"
"c63a6bd2-99da-4ce7-b550-b61d66f93116","acordaos","acordaos",198,"5ª TURMA CÍVEL","f07ec5c0df",2024-03-21,4,0,3,NA,5000,"credit_listing"
"c65bed52-e704-47a8-a2ad-7bc7c757deb8","acordaos","acordaos-tr",460,"SEGUNDA TURMA RECURSAL","592078c0d0",2024-03-18,16,8,6,3000,3000,"medical"
"c6d3ec0d-d9ea-4e88-a3e8-7b319d30aa1c","acordaos","acordaos",198,"4ª TURMA CÍVEL","f9b9a227a6",2024-03-21,3,0,1,NA,NA,"other"
"c7d61581-4193-442f-ac69-70b5ce3ba775","acordaos","acordaos",417,"1ª TURMA CRIMINAL","e48f5e14a5",2024-03-21,6,0,1,NA,1000,"wrongful_death"
"c7f862b9-b172-403d-b989-04d2a45c459d","acordaos","acordaos-tr",460,"SEGUNDA TURMA RECURSAL","592078c0d0",2024-03-04,10,5,6,NA,2000,"consumer_service"
"c7f8af11-f330-45a4-9e79-a7244e8762bb","acordaos","acordaos",417,"1ª TURMA CRIMINAL","0bd6867b27",2024-03-21,3,0,2,NA,3000,"wrongful_death"
"c8ac990b-d337-4fb2-968a-22bc89ec1c79","acordaos","acordaos",198,"2ª TURMA CÍVEL","4981944123",2024-03-06,39,4,7,NA,NA,"honor_privacy"
"c8dd1c74-73a6-45da-9dea-7ca16002384d","acordaos","acordaos-tr",1689,"SEGUNDA TURMA RECURSAL","914b495bd0",2024-03-18,4,2,4,NA,NA,"air_travel"
"c948aadc-886a-4671-8f98-3532c70dff0f","acordaos","acordaos",198,"6ª TURMA CÍVEL","d30385f876",2024-03-26,15,3,7,2000,2500,"banking_fraud"
"c9bbd25e-4fa8-47a7-a3f3-463dbeced246","acordaos","acordaos",198,"1ª TURMA CÍVEL","f726893979",2024-03-13,5,0,5,NA,5000,"medical"
"cad0dd1c-36ed-479a-954b-4c7abd72ae45","acordaos","acordaos",198,"6ª TURMA CÍVEL","63076d9700",2024-03-06,18,0,10,NA,60000,"wrongful_death"
"cb295710-4a36-4f2a-a4e2-221e704f1777","acordaos","acordaos-tr",460,"TERCEIRA TURMA RECURSAL","aa0cab12a8",2024-03-18,0,NA,NA,NA,NA,"honor_privacy"
"cb646c9c-50e1-49f3-a72e-46238a453262","acordaos","acordaos",198,"5ª TURMA CÍVEL","d17cb21a51",2024-03-07,1,0,0,NA,NA,"other"
"cbc0a743-984d-422d-8b47-134ceb4f318c","acordaos","acordaos",417,"2ª TURMA CRIMINAL","fb9644293f",2024-03-25,9,1,5,NA,500,"other"
"cc34b565-1276-4566-bdb7-068be3185987","acordaos","acordaos-tr",460,"PRIMEIRA TURMA RECURSAL","ef7646018c",2024-03-26,10,5,2,NA,NA,"credit_listing"
"ccf40a86-f459-4e16-998e-99e9394a3ea0","acordaos","acordaos-tr",460,"SEGUNDA TURMA RECURSAL","592078c0d0",2024-03-04,8,4,8,3000,3000,"credit_listing"
"cd16163a-d81a-443e-9761-04d383a74870","acordaos","acordaos",417,"1ª TURMA CRIMINAL","a68ade2514",2024-03-21,2,0,1,NA,NA,"other"
"cd4de38f-8dff-491f-8bd9-f8ac66a436fb","acordaos","acordaos",417,"3ª TURMA CRIMINAL","e687bf02b2",2024-03-07,6,0,5,NA,2000,"wrongful_death"
"cd64dc6e-84fc-410d-b841-be86b7c46780","acordaos","acordaos-tr",460,"PRIMEIRA TURMA RECURSAL","a54167199f",2024-03-26,6,3,4,20,20,"consumer_service"
"cde642ed-27c0-4e47-8ffe-7d8bd4c5725f","acordaos","acordaos-tr",460,"SEGUNDA TURMA RECURSAL","5e0c5ae3c3",2024-03-04,14,7,2,NA,NA,"consumer_service"
"ce207c90-83b9-40d7-96af-b9b23f3b8e2f","acordaos","acordaos",1689,"5ª TURMA CÍVEL","f07ec5c0df",2024-03-14,0,NA,NA,NA,NA,"consumer_service"
"ce2fe273-9613-4d1c-860f-1e57ff0d8cad","acordaos","acordaos",417,"2ª TURMA CRIMINAL","fb9644293f",2024-03-07,17,0,8,NA,500,"credit_listing"
"ce33ceb9-2f23-49d2-9296-2607d8b4e1fb","acordaos","acordaos",198,"7ª TURMA CÍVEL","f07ec5c0df",2024-03-06,6,0,3,NA,6000,"medical"
"ce515b65-7e20-408b-99ca-241f25835da9","acordaos","acordaos-tr",460,"PRIMEIRA TURMA RECURSAL","a54167199f",2024-03-26,7,2,3,1000,1000,"honor_privacy"
"ce610c6d-287e-4b5f-91b2-82ecad3bb209","acordaos","acordaos",198,"4ª TURMA CÍVEL","dc185fdca3",2024-03-20,6,0,1,NA,NA,"banking_fraud"
"cef80a99-193e-473f-8458-ebb388575a37","acordaos","acordaos-tr",460,"PRIMEIRA TURMA RECURSAL","73ededad40",2024-03-26,6,3,2,NA,NA,"credit_listing"
"ceff965a-524d-47dc-9f32-3b9c96f0e4ed","acordaos","acordaos-tr",460,"SEGUNDA TURMA RECURSAL","9868b4f5a5",2024-03-04,11,3,7,NA,NA,"consumer_service"
"cf15562b-1181-4ccc-a04f-52b5797d79d1","acordaos","acordaos",198,"7ª TURMA CÍVEL","75da02d29b",2024-03-13,12,1,8,5000,5000,"banking_fraud"
"cf40d414-2821-445c-8ed7-e99b210bab19","acordaos","acordaos-tr",460,"TERCEIRA TURMA RECURSAL","a0f8949691",2024-03-18,6,3,6,NA,NA,"other"
"cf635b9d-73e9-40db-98d8-3d954147ecf0","acordaos","acordaos",198,"2ª TURMA CÍVEL","d3ff666bd5",2024-03-06,6,1,6,NA,5000,"consumer_service"
"d01dc12f-2cf9-4e84-bfc8-b04c5e771fb5","acordaos","acordaos-tr",1689,"PRIMEIRA TURMA RECURSAL","73ededad40",2024-03-26,10,5,6,NA,NA,"other"
"d04b636c-cc37-4b0c-af40-5974a8dfe684","acordaos","acordaos",417,"2ª TURMA CRIMINAL","7cee760b43",2024-03-25,5,0,4,NA,1000,"other"
"d079e25a-dd91-4185-8518-1e72640a6e75","acordaos","acordaos",198,"6ª TURMA CÍVEL","d30385f876",2024-03-06,10,1,6,NA,10000,"consumer_service"
"d09a702a-f956-4b14-9082-f6ae57bf2ee5","acordaos","acordaos",198,"3ª TURMA CÍVEL","f094397b16",2024-03-14,9,1,7,NA,10000,"medical"
"d0bd8a65-ff9f-43c2-9aff-55f6a9b88abd","acordaos","acordaos-tr",460,"PRIMEIRA TURMA RECURSAL","ef7646018c",2024-03-26,8,4,8,4000,4000,"air_travel"
"d0e4c327-fab1-4a48-b89d-829332ed225b","acordaos","acordaos-tr",460,"SEGUNDA TURMA RECURSAL","5e0c5ae3c3",2024-03-04,2,1,2,NA,NA,"credit_listing"
"d0e6ec3b-9fca-4ef7-b094-4b6a14313216","acordaos","acordaos-tr",460,"SEGUNDA TURMA RECURSAL","5e0c5ae3c3",2024-03-18,6,3,2,NA,NA,"consumer_service"
"d105d332-2ab6-40ae-8963-8040063611bd","acordaos","acordaos-tr",460,"TERCEIRA TURMA RECURSAL","a0f8949691",2024-03-18,6,3,6,171.12,171.12,"credit_listing"
"d12292d2-8e80-4ccb-a86e-80d3a3a77ccf","acordaos","acordaos-tr",1689,"SEGUNDA TURMA RECURSAL","9868b4f5a5",2024-03-04,6,3,6,3000,3000,"honor_privacy"
"d128d173-76ee-4944-9a26-02da291b999c","acordaos","acordaos",198,"1ª TURMA CÍVEL","f726893979",2024-03-20,7,0,6,NA,5000,"medical"
"d16a630e-0e06-49cd-a012-8c2746162529","acordaos","acordaos",417,"3ª TURMA CRIMINAL","46fa5d5b17",2024-03-14,7,0,2,NA,300,"other"
"d1768083-9ddc-422e-8c99-69646824c74e","acordaos","acordaos-tr",460,"PRIMEIRA TURMA RECURSAL","73ededad40",2024-03-01,4,2,4,NA,NA,"air_travel"
"d1e9ea79-9151-498d-980c-97b49b340585","acordaos","acordaos-tr",460,"PRIMEIRA TURMA RECURSAL","73ededad40",2024-03-26,10,5,4,4000,4000,"consumer_service"
"d20f5852-a24a-45fb-b3bf-2366b09d01e0","acordaos","acordaos-tr",460,"PRIMEIRA TURMA RECURSAL","c6e9121773",2024-03-26,3,0,2,NA,NA,"consumer_service"
"d3163e08-6a74-40ca-96e5-7abf0aea9dd9","acordaos","acordaos",198,"1ª TURMA CÍVEL","c540fdb8bf",2024-03-21,1,0,0,NA,NA,"credit_listing"
"d3d58134-0b2f-4b01-9939-c3d28eeec882","acordaos","acordaos-tr",460,"PRIMEIRA TURMA RECURSAL","73ededad40",2024-03-26,4,2,2,NA,NA,"air_travel"
"d43ecb5e-6d81-4e52-b196-5fcbb04c303a","acordaos","acordaos-tr",460,"TERCEIRA TURMA RECURSAL","a0f8949691",2024-03-18,6,3,2,3000,3000,"credit_listing"
"d48152ae-e53e-4404-9538-309969e441bf","acordaos","acordaos-tr",460,"TERCEIRA TURMA RECURSAL","a0f8949691",2024-03-18,0,NA,NA,NA,NA,"other"
"d4bc1eba-5825-48b0-879b-0236b2692579","acordaos","acordaos",198,"3ª TURMA CÍVEL","58d40bdd82",2024-03-07,3,0,3,NA,NA,"other"
"d4c7153a-749e-4a52-a115-5f1040d6c25d","acordaos","acordaos",198,"8ª TURMA CÍVEL","5d8d470f51",2024-03-12,0,NA,NA,NA,NA,"other"
"d50beda5-fc74-4fbd-8414-e8e8ea1c47a7","acordaos","acordaos-tr",460,"PRIMEIRA TURMA RECURSAL","73ededad40",2024-03-26,4,2,2,NA,NA,"banking_fraud"
"d52f3584-16fc-405f-9f9b-a60b26b8fee3","acordaos","acordaos-tr",460,"SEGUNDA TURMA RECURSAL","5e0c5ae3c3",2024-03-18,8,4,6,3000,3000,"consumer_service"
"d5594b92-dc65-482a-a7f4-009bb330b43a","acordaos","acordaos-tr",460,"SEGUNDA TURMA RECURSAL","5e0c5ae3c3",2024-03-20,4,2,4,20000,20000,"other"
"d692d0ae-093d-456c-97db-770a50061e39","acordaos","acordaos-tr",460,"PRIMEIRA TURMA RECURSAL","ef7646018c",2024-03-26,4,2,2,5000,5000,"other"
"d69741c9-6ceb-413b-afbd-7ba559045754","acordaos","acordaos-tr",460,"PRIMEIRA TURMA RECURSAL","73ededad40",2024-03-26,14,7,8,5,5,"credit_listing"
"d7ad7594-0442-431f-8527-4bb586500311","acordaos","acordaos-tr",460,"TERCEIRA TURMA RECURSAL","aa0cab12a8",2024-03-18,2,1,0,NA,NA,"credit_listing"
"d7b24630-572d-4ac3-bf09-630c7468a869","acordaos","acordaos",198,"4ª TURMA CÍVEL","dc185fdca3",2024-03-06,10,0,6,NA,5000,"wrongful_death"
"d7b33b9e-4cab-40de-86b5-583c5368088b","acordaos","acordaos",417,"2ª TURMA CRIMINAL","fb9644293f",2024-03-25,7,1,4,500,500,"other"
"d823cefb-de15-4c89-ac0a-ed4fcac4bbad","acordaos","acordaos",417,"2ª TURMA CRIMINAL","411a3306dd",2024-03-07,5,1,1,NA,NA,"other"
"d85114a2-a9c7-4526-8092-c80bb4d1090d","acordaos","acordaos",198,"4ª TURMA CÍVEL","f9b9a227a6",2024-03-07,1,0,1,NA,NA,"credit_listing"
"d87c6fb9-38bb-427b-a7bd-36d5eb527c4e","acordaos","acordaos",198,"3ª TURMA CÍVEL","58d40bdd82",2024-03-06,17,0,4,NA,5000,"banking_fraud"
"d8fc10d4-3ea0-4a4b-b08f-39ef769f63ab","acordaos","acordaos-tr",460,"SEGUNDA TURMA RECURSAL","592078c0d0",2024-03-04,8,4,4,2000,2000,"other"
"d9326e9b-7709-44de-a75c-dbbdb2028fa4","acordaos","acordaos",198,"2ª TURMA CÍVEL","c4bc5ec634",2024-03-20,17,1,5,3000,6000,"banking_fraud"
"da035c61-cb1a-4ddf-880f-72cfa775a0b5","acordaos","acordaos-tr",460,"PRIMEIRA TURMA RECURSAL","73ededad40",2024-03-26,10,5,8,10,10,"medical"
"dab3b08c-6b1e-4b04-8d96-95ada8e623bb","acordaos","acordaos",198,"4ª TURMA CÍVEL","f9b9a227a6",2024-03-06,0,NA,NA,NA,NA,"honor_privacy"
"dab8e105-c27e-499c-8193-6e2f40436307","acordaos","acordaos",417,"1ª TURMA CRIMINAL","0bd6867b27",2024-03-21,4,0,1,NA,NA,"wrongful_death"
"dad0a764-84b0-4651-a259-09d8a05ba49d","acordaos","acordaos-tr",460,"SEGUNDA TURMA RECURSAL","592078c0d0",2024-03-20,4,2,4,NA,NA,"credit_listing"
"daf3d45e-9515-4646-a5fc-a51e63b23c4b","acordaos","acordaos",198,"5ª TURMA CÍVEL","8a4888bf5e",2024-03-07,5,0,3,NA,NA,"consumer_service"
"dbbfb04e-533b-4793-8558-8fa6dd8842e8","acordaos","acordaos-tr",460,"SEGUNDA TURMA RECURSAL","9868b4f5a5",2024-03-04,6,3,4,NA,NA,"wrongful_death"
"dd19ee1b-0f5b-40cf-abd6-be16a99a02d3","acordaos","acordaos-tr",460,"TERCEIRA TURMA RECURSAL","e43afa8918",2024-03-18,8,4,4,2000,2000,"credit_listing"
"dd695967-fa65-4e5c-89d8-bae4bf3a3f27","acordaos","acordaos-tr",460,"SEGUNDA TURMA RECURSAL","9868b4f5a5",2024-03-18,4,2,4,40000,40000,"air_travel"
"dda94682-024d-4859-a5a6-36bf06c54872","acordaos","acordaos-tr",460,"TERCEIRA TURMA RECURSAL","aa0cab12a8",2024-03-18,2,1,2,4000,4000,"consumer_service"
"ddce8460-2e3a-4545-9186-bc4b154c70e2","acordaos","acordaos",198,"2ª TURMA CÍVEL","d572ea40b4",2024-03-13,7,1,5,5000,5000,"medical"
"de10484d-65f2-4929-bb4d-1215834e8003","acordaos","acordaos",198,"1ª TURMA CÍVEL","3d2279fc77",2024-03-20,4,0,3,NA,NA,"banking_fraud"
"de7b47bf-5a8e-40db-b33d-496a0971d82f","acordaos","acordaos",198,"3ª TURMA CÍVEL","f0c2fc1313",2024-03-20,13,1,10,10000,10000,"consumer_service"
"de8bc728-ff5f-41df-8dba-9d8fffb829ee","acordaos","acordaos",198,"2ª TURMA CÍVEL","d3ff666bd5",2024-03-06,22,2,17,NA,5000,"medical"
"dee576a8-447f-489c-8623-e72f668e9c3f","acordaos","acordaos-tr",460,"SEGUNDA TURMA RECURSAL","592078c0d0",2024-03-18,6,3,6,4000,4000,"credit_listing"
"def0d4b2-2a7c-43d2-a580-648303852816","acordaos","acordaos-tr",460,"SEGUNDA TURMA RECURSAL","5e0c5ae3c3",2024-03-18,2,1,2,NA,NA,"consumer_service"
"df4d1121-1927-4858-9bbd-0944f7d049f3","acordaos","acordaos-tr",460,"TERCEIRA TURMA RECURSAL","e43afa8918",2024-03-18,2,1,0,NA,NA,"other"
"df5edf65-4638-4b6c-8c60-8f87cb200d8c","acordaos","acordaos-tr",460,"SEGUNDA TURMA RECURSAL","9868b4f5a5",2024-03-18,6,3,6,NA,NA,"credit_listing"
"df5fd691-0c1c-40e0-a9f7-1263aa174832","acordaos","acordaos-tr",460,"PRIMEIRA TURMA RECURSAL","a54167199f",2024-03-26,14,7,12,10000,10000,"wrongful_death"
"df690719-6bc3-402c-bf39-b0bd327de776","acordaos","acordaos",198,"5ª TURMA CÍVEL","c506524a36",2024-03-14,5,0,4,NA,10000,"medical"
"e03ae518-d66a-49d1-ae5c-fa5336d6cb0a","acordaos","acordaos",198,"1ª TURMA CÍVEL","f726893979",2024-03-20,7,0,2,NA,NA,"consumer_service"
"e0a95a3a-5661-4bb9-9fbd-edbab16fa959","acordaos","acordaos",198,"7ª TURMA CÍVEL","f6abe097b7",2024-03-13,2,0,2,NA,NA,"medical"
"e0df8b58-ce76-410a-a067-4c2a27622f3c","acordaos","acordaos-tr",460,"PRIMEIRA TURMA RECURSAL","73ededad40",2024-03-26,4,2,0,NA,NA,"air_travel"
"e13f2469-12e1-421c-8140-fce0f5cb1251","acordaos","acordaos",198,"2ª TURMA CÍVEL","d572ea40b4",2024-03-20,34,1,5,5000,5000,"banking_fraud"
"e18350ce-8393-442c-a7e6-56effede2846","acordaos","acordaos",417,"1ª TURMA CRIMINAL","662aeab684",2024-03-21,2,0,1,NA,NA,"wrongful_death"
"e1ad4333-5fbd-49c3-903c-7e1f3ba06d76","acordaos","acordaos-tr",460,"PRIMEIRA TURMA RECURSAL","ef7646018c",2024-03-26,2,1,2,NA,NA,"air_travel"
"e25464ae-1df7-4777-bd35-e9ede74d4864","acordaos","acordaos",198,"8ª TURMA CÍVEL","bdca023e1d",2024-03-05,29,3,13,NA,10000,"honor_privacy"
"e2a24ff4-f46c-4992-a67a-5866ed329407","acordaos","acordaos",198,"8ª TURMA CÍVEL","5d8d470f51",2024-03-19,4,0,2,NA,NA,"honor_privacy"
"e2d6240b-2b9f-44a7-b540-2faaf4b148cf","acordaos","acordaos",198,"8ª TURMA CÍVEL","dd79d2757d",2024-03-21,2,0,2,NA,NA,"honor_privacy"
"e2ecc1c9-747d-4a2c-9794-b7674f71ad00","acordaos","acordaos-tr",460,"TERCEIRA TURMA RECURSAL","aa0cab12a8",2024-03-18,4,2,4,NA,NA,"honor_privacy"
"e32c95a9-f83a-4068-9dd2-15cdc6b5f8d4","acordaos","acordaos",417,"1ª TURMA CRIMINAL","662aeab684",2024-03-07,2,0,2,NA,500,"wrongful_death"
"e35e4b77-3070-43dd-967c-5691a0250895","acordaos","acordaos",198,"2ª TURMA CÍVEL","c4bc5ec634",2024-03-13,10,0,0,NA,NA,"credit_listing"
"e4041f59-5338-4377-923e-bd0c3d94b6b6","acordaos","acordaos",198,"4ª TURMA CÍVEL","23e658a6ab",2024-03-20,1,0,1,NA,NA,"other"
"e4059798-84d2-4b06-bc8a-0d5e6510c9aa","acordaos","acordaos",198,"5ª TURMA CÍVEL","c506524a36",2024-03-14,8,1,5,2000,2000,"honor_privacy"
"e410e56a-43aa-4392-b2ec-ffc285844b47","acordaos","acordaos",417,"2ª TURMA CRIMINAL","875abf85dd",2024-03-25,13,0,6,NA,300,"other"
"e51d4e64-4b9e-46b9-8c89-62620991005d","acordaos","acordaos-tr",460,"SEGUNDA TURMA RECURSAL","5e0c5ae3c3",2024-03-04,2,1,2,NA,NA,"credit_listing"
"e53b242e-9663-46d0-90e5-b0a622fed608","acordaos","acordaos-tr",460,"PRIMEIRA TURMA RECURSAL","ef7646018c",2024-03-26,10,5,6,4000,4000,"air_travel"
"e5473f18-5d1f-460b-b2c5-8b267c153f5c","acordaos","acordaos",198,"8ª TURMA CÍVEL","5d8d470f51",2024-03-07,7,0,4,NA,15000,"banking_fraud"
"e5aec24f-1b6c-474e-8b45-66e5b026abc7","acordaos","acordaos",198,"6ª TURMA CÍVEL","07312dd681",2024-03-13,11,1,4,NA,NA,"other"
"e5c1df25-30d6-4d40-b57f-de1948733071","acordaos","acordaos-tr",460,"TERCEIRA TURMA RECURSAL","aa0cab12a8",2024-03-18,6,3,6,NA,NA,"credit_listing"
"e5c716b4-a912-4ad7-8767-876a2d071fd2","acordaos","acordaos",198,"4ª TURMA CÍVEL","f9b9a227a6",2024-03-07,3,0,3,NA,7000,"credit_listing"
"e6656764-c941-43d3-9288-f5acc4f9ed88","acordaos","acordaos",198,"3ª TURMA CÍVEL","f094397b16",2024-03-14,6,1,4,NA,NA,"medical"
"e6722adb-14bd-4b2a-8506-fc603b3a889a","acordaos","acordaos-tr",460,"TERCEIRA TURMA RECURSAL","aa0cab12a8",2024-03-18,8,4,6,4000,4000,"air_travel"
"e6c8a0a5-5973-462a-8f1b-3e47c87c0c59","acordaos","acordaos-tr",460,"PRIMEIRA TURMA RECURSAL","73ededad40",2024-03-26,4,2,4,7000,7000,"medical"
"e6dd4767-aeb9-4f4e-9720-0ba767620074","acordaos","acordaos-tr",460,"PRIMEIRA TURMA RECURSAL","ef7646018c",2024-03-01,6,3,6,3000,3000,"credit_listing"
"e7a12171-96c7-41e2-adc8-eaaf6b78ba3c","acordaos","acordaos-tr",460,"TERCEIRA TURMA RECURSAL","249fd17014",2024-03-18,12,3,0,NA,NA,"banking_fraud"
"e7e1d660-96c7-47de-9cf6-c83cd53068d6","acordaos","acordaos",198,"1ª TURMA CÍVEL","3d2279fc77",2024-03-20,4,0,3,NA,5000,"credit_listing"
"e82eb4e8-fee5-44a3-a32e-2c5ace9cb36f","acordaos","acordaos",198,"3ª TURMA CÍVEL","58d40bdd82",2024-03-07,2,0,1,NA,NA,"medical"
"e8312f5e-1a1b-458a-b027-d1a23d77ed75","acordaos","acordaos",198,"4ª TURMA CÍVEL","f9b9a227a6",2024-03-07,9,0,3,NA,NA,"consumer_service"
"e87e8e4e-f647-4f6c-af78-89ac8e4dbcc2","acordaos","acordaos",198,"2ª TURMA CÍVEL","c4bc5ec634",2024-03-13,0,NA,NA,NA,NA,"other"
"e88999b2-2e7a-4a05-8b3d-dc6a0fb33e67","acordaos","acordaos-tr",460,"TERCEIRA TURMA RECURSAL","aa0cab12a8",2024-03-18,6,3,6,5000,5000,"credit_listing"
"e95438fb-096f-4b06-94a6-9ef6ab5bc186","acordaos","acordaos",198,"5ª TURMA CÍVEL","c506524a36",2024-03-14,21,0,10,NA,8000,"other"
"e9622955-0587-4004-90a3-4b26a6c71ac9","acordaos","acordaos-tr",460,"PRIMEIRA TURMA RECURSAL","c6e9121773",2024-03-26,5,2,5,2000,2000,"other"
"e9aed17f-4a4a-4325-abd5-6ecec4085e77","acordaos","acordaos",198,"1ª TURMA CÍVEL","3f8f67d7e7",2024-03-20,7,1,5,10000,10000,"credit_listing"
"e9b3152f-b580-4c6e-a478-fad85e674277","acordaos","acordaos",198,"1ª TURMA CÍVEL","3f8f67d7e7",2024-03-13,3,0,0,NA,NA,"other"
"e9d5f812-c2a6-4876-bad8-c0ea402dc786","acordaos","acordaos",1689,"5ª TURMA CÍVEL","f07ec5c0df",2024-03-07,2,0,2,NA,NA,"consumer_service"
"ea38f469-90f7-43c4-9a7d-36e10e3aeefa","acordaos","acordaos-tr",460,"SEGUNDA TURMA RECURSAL","9868b4f5a5",2024-03-20,10,5,4,NA,NA,"consumer_service"
"ea8e0eaf-9958-4410-901d-cc50dabdedc6","acordaos","acordaos",198,"5ª TURMA CÍVEL","f07ec5c0df",2024-03-14,1,0,1,NA,NA,"medical"
"eaf1e417-f003-4499-9035-0f9ce73c9e87","acordaos","acordaos-tr",460,"SEGUNDA TURMA RECURSAL","9868b4f5a5",2024-03-04,4,2,2,NA,NA,"credit_listing"
"eb045f4f-755e-4098-8a56-e023b221e40d","acordaos","acordaos",198,"8ª TURMA CÍVEL","5ef182d4af",2024-03-19,11,0,8,NA,3000,"honor_privacy"
"eb36700a-29b5-4838-9f32-1c17403ed41e","acordaos","acordaos",417,"2ª TURMA CRIMINAL","c43a20176d",2024-03-25,13,3,11,500,500,"wrongful_death"
"ebe906ac-56eb-4c6b-816e-87e8f90202b6","acordaos","acordaos",198,"8ª TURMA CÍVEL","bdca023e1d",2024-03-05,3,0,2,NA,NA,"honor_privacy"
"ec4a00fe-c195-48b1-adbf-5a8b15f0892b","acordaos","acordaos-tr",460,"SEGUNDA TURMA RECURSAL","9868b4f5a5",2024-03-04,4,2,4,5000,5000,"credit_listing"
"ed77b569-22d1-4ac9-87cb-0395d1fdd6c1","acordaos","acordaos-tr",460,"PRIMEIRA TURMA RECURSAL","c6e9121773",2024-03-01,11,1,6,NA,NA,"credit_listing"
"ed90a200-fcac-4a6b-ac95-d64a074b4810","acordaos","acordaos",198,"6ª TURMA CÍVEL","0915b060c7",2024-03-06,14,1,4,NA,4000,"consumer_service"
"edb33cae-f883-456a-ba36-bf527819ab3d","acordaos","acordaos-tr",460,"PRIMEIRA TURMA RECURSAL","73ededad40",2024-03-26,0,NA,NA,NA,NA,"other"
"ee59a087-dd86-465c-8ae6-e845b022eb90","acordaos","acordaos-tr",460,"TERCEIRA TURMA RECURSAL","e43afa8918",2024-03-18,6,3,4,NA,NA,"medical"
"eef93711-8f1b-40d1-bcc6-b03ccae09914","acordaos","acordaos",198,"2ª TURMA CÍVEL","c4bc5ec634",2024-03-06,6,1,2,NA,NA,"consumer_service"
"ef52ed4e-7f53-4f4f-9d20-4af077b43e4a","acordaos","acordaos-tr",460,"SEGUNDA TURMA RECURSAL","592078c0d0",2024-03-18,2,1,2,4000,4000,"credit_listing"
"efc66b69-b240-489b-96d9-fe2175500271","acordaos","acordaos",417,"2ª TURMA CRIMINAL","fb9644293f",2024-03-25,2,0,0,NA,NA,"other"
"f02d8370-b758-46f1-a0a0-a53b61948d87","acordaos","acordaos",198,"6ª TURMA CÍVEL","0915b060c7",2024-03-13,1,0,0,NA,NA,"consumer_service"
"f12274ef-0260-40a4-8f18-de331eaa88c3","acordaos","acordaos",417,"2ª TURMA CRIMINAL","875abf85dd",2024-03-07,10,0,10,NA,500,"other"
"f1328b37-8c47-4168-b3fd-988b8657eba2","acordaos","acordaos-tr",460,"PRIMEIRA TURMA RECURSAL","c6e9121773",2024-03-26,14,5,8,500,500,"other"
"f15f7182-c030-43b1-8810-e08a07e8cf2b","acordaos","acordaos-tr",460,"SEGUNDA TURMA RECURSAL","914b495bd0",2024-03-18,4,2,2,NA,NA,"other"
"f17f40c1-600e-4bee-8e5f-e8b71f895854","acordaos","acordaos",198,"5ª TURMA CÍVEL","c506524a36",2024-03-14,23,1,6,5000,5000,"credit_listing"
"f1bb0224-d0d9-48c5-bd67-b0400cef9d84","acordaos","acordaos",198,"5ª TURMA CÍVEL","c506524a36",2024-03-07,4,0,3,NA,3000,"medical"
"f217cd99-e6c0-47c1-a21f-3789ec0f7914","acordaos","acordaos",198,"5ª TURMA CÍVEL","c506524a36",2024-03-21,0,NA,NA,NA,NA,"other"
"f28c316b-5b9c-43e7-b934-821b03d76c6b","acordaos","acordaos-tr",460,"TERCEIRA TURMA RECURSAL","a0f8949691",2024-03-18,4,2,2,NA,NA,"consumer_service"
"f384a511-15d2-498f-8a78-85d07c5026fe","acordaos","acordaos",198,"1ª TURMA CÍVEL","3d2279fc77",2024-03-20,1,0,1,NA,NA,"medical"
"f3d4e849-9562-4b4d-95e1-50957363fe0c","acordaos","acordaos",198,"1ª TURMA CÍVEL","f726893979",2024-03-20,12,0,3,NA,1000,"wrongful_death"
"f3db1675-b055-48b1-af61-da9468de3eb5","acordaos","acordaos",198,"5ª TURMA CÍVEL","a68715f197",2024-03-21,18,1,5,NA,NA,"credit_listing"
"f4189bd7-9ac0-4707-8f9f-e443bbc5cafa","acordaos","acordaos",198,"8ª TURMA CÍVEL","dd79d2757d",2024-03-05,8,0,3,NA,5000,"air_travel"
"f475b0fb-cfc0-4140-b7bd-9fe11242a46c","acordaos","acordaos-tr",460,"PRIMEIRA TURMA RECURSAL","ef7646018c",2024-03-26,0,NA,NA,NA,NA,"medical"
"f4b4801b-f130-477e-bd90-c46323cf5a60","acordaos","acordaos",417,"3ª TURMA CRIMINAL","f41922db99",2024-03-14,2,0,1,NA,1000,"other"
"f52e8602-574c-440e-8bca-2b3810dd0d08","acordaos","acordaos",198,"7ª TURMA CÍVEL","15e13c4a5d",2024-03-13,67,5,30,25000,1385.75,"wrongful_death"
"f5c56dde-651c-4eb2-95d7-0468af897a7e","acordaos","acordaos-tr",460,"SEGUNDA TURMA RECURSAL","9868b4f5a5",2024-03-18,16,8,0,NA,NA,"other"
"f5fc6107-b3bb-451d-b259-31139462be9b","acordaos","acordaos",198,"3ª TURMA CÍVEL","8e30f54e7a",2024-03-07,3,0,3,NA,NA,"medical"
"f6111fb4-b32f-4f06-9486-eaa92d2dd72e","acordaos","acordaos-tr",460,"TERCEIRA TURMA RECURSAL","aa0cab12a8",2024-03-18,4,2,0,NA,NA,"state_liability"
"f6287a58-7f19-4e0b-b9de-0810298c3358","acordaos","acordaos",417,"2ª TURMA CRIMINAL","c43a20176d",2024-03-14,1,1,1,500,500,"other"
"f62a2ad7-0eb7-40f6-8e1e-6c697885e1ff","acordaos","acordaos",198,"8ª TURMA CÍVEL","bdca023e1d",2024-03-05,14,0,1,NA,NA,"consumer_service"
"f69a62e0-306c-4cec-b45b-24ffb25a5639","acordaos","acordaos",198,"1ª TURMA CÍVEL","d9e51b3034",2024-03-06,6,0,4,NA,5000,"other"
"f6d8ff9c-62ce-4d21-87fa-807b8c0f6f52","acordaos","acordaos",417,"1ª TURMA CRIMINAL","c8368eac56",2024-03-14,6,0,4,NA,1000,"other"
"f71401dd-bc5c-4f17-ac57-37fc76fa8676","acordaos","acordaos",1689,"4ª TURMA CÍVEL","dc185fdca3",2024-03-14,4,0,2,NA,100000,"wrongful_death"
"f7dfd2ff-5f54-481c-b9a9-2869395f25a2","acordaos","acordaos",198,"4ª TURMA CÍVEL","dc185fdca3",2024-03-06,1,0,1,NA,NA,"air_travel"
"f811bcf1-1b41-447d-9e24-cd19e8c1f069","acordaos","acordaos",198,"7ª TURMA CÍVEL","a0f4d91d16",2024-03-06,10,0,6,NA,2000,"honor_privacy"
"f81c2049-7ae7-4814-aa31-e01bd7d77e8d","acordaos","acordaos",198,"2ª TURMA CÍVEL","d572ea40b4",2024-03-20,17,1,8,10000,4220,"banking_fraud"
"f8434a7c-8430-46e1-828a-7dc443824e43","acordaos","acordaos-tr",460,"TERCEIRA TURMA RECURSAL","e43afa8918",2024-03-18,18,9,4,NA,NA,"consumer_service"
"f8666647-c141-4f05-9057-122d7357f926","acordaos","acordaos-tr",460,"PRIMEIRA TURMA RECURSAL","a54167199f",2024-03-01,4,2,2,NA,NA,"credit_listing"
"f87d6232-27c1-4eb9-9214-b4ac322a1422","acordaos","acordaos",198,"3ª TURMA CÍVEL","8e30f54e7a",2024-03-14,2,0,2,NA,3000,"honor_privacy"
"f8f5d955-3e43-46e5-9b00-b9d2eef0f668","acordaos","acordaos",198,"8ª TURMA CÍVEL","2d19168903",2024-03-19,7,0,6,NA,1500,"credit_listing"
"f905d21e-24bc-4329-8a68-4bd9f2fa01b3","acordaos","acordaos",198,"1ª TURMA CÍVEL","c540fdb8bf",2024-03-20,19,0,2,NA,15000,"banking_fraud"
"f91ebb39-501c-4fd3-baf8-6276ae75f659","acordaos","acordaos-tr",460,"PRIMEIRA TURMA RECURSAL","a54167199f",2024-03-01,0,NA,NA,NA,NA,"consumer_service"
"f9506f21-f7bc-4641-bce3-3b81e6f19d09","acordaos","acordaos",198,"5ª TURMA CÍVEL","c506524a36",2024-03-21,8,0,2,NA,NA,"credit_listing"
"fb39bd8f-98ed-485e-8b8f-d39fb234c257","acordaos","acordaos-tr",460,"PRIMEIRA TURMA RECURSAL","ef7646018c",2024-03-26,10,5,2,NA,NA,"honor_privacy"
"fb88c9b0-d341-45c2-9344-7ab06f342f59","acordaos","acordaos-tr",460,"SEGUNDA TURMA RECURSAL","5e0c5ae3c3",2024-03-18,6,3,6,3000,3000,"credit_listing"
"fb8f21b6-3ec2-4dfe-9253-4c5e518b4d94","acordaos","acordaos-tr",460,"TERCEIRA TURMA RECURSAL","249fd17014",2024-03-18,6,2,3,NA,NA,"other"
"fc5ea781-9430-4c5b-877c-5fb80b907584","acordaos","acordaos-tr",460,"SEGUNDA TURMA RECURSAL","9868b4f5a5",2024-03-04,4,2,4,NA,NA,"other"
"fc6f8b13-1a36-4df0-8979-802eb2f9cd97","acordaos","acordaos-tr",460,"PRIMEIRA TURMA RECURSAL","73ededad40",2024-03-26,4,2,2,NA,NA,"wrongful_death"
"fcacc72b-8016-4f27-9b79-99cf1db7ace0","acordaos","acordaos",198,"7ª TURMA CÍVEL","f6abe097b7",2024-03-20,3,0,3,NA,NA,"other"
"fcc2f79b-a9c3-49b2-aa3d-9258b96c083b","acordaos","acordaos",198,"3ª TURMA CÍVEL","58d40bdd82",2024-03-20,9,0,4,NA,10000,"banking_fraud"
"fcfc3e0c-2849-4bc9-9bda-f74783e35a44","acordaos","acordaos",198,"5ª TURMA CÍVEL","f07ec5c0df",2024-03-14,8,0,6,NA,5000,"other"
"fd042fff-987c-433e-a8e8-fb147ab589ab","acordaos","acordaos-tr",460,"TERCEIRA TURMA RECURSAL","aa0cab12a8",2024-03-18,4,1,4,NA,1000,"honor_privacy"
"fd2c5a96-15de-48a7-928e-8709e921b8c5","acordaos","acordaos-tr",460,"TERCEIRA TURMA RECURSAL","e43afa8918",2024-03-18,6,3,6,2000,2000,"air_travel"
"fd82bdba-a023-473b-9ca8-0c0bd612f196","acordaos","acordaos",198,"4ª TURMA CÍVEL","f9b9a227a6",2024-03-07,9,0,6,NA,10000,"state_liability"
"fdbe1f7d-9388-47a7-8398-27d36638163a","acordaos","acordaos-tr",460,"TERCEIRA TURMA RECURSAL","249fd17014",2024-03-18,2,0,2,NA,NA,"other"
"fe8ba65e-e8d6-495d-b838-0ec1588569f2","acordaos","acordaos-tr",460,"SEGUNDA TURMA RECURSAL","9868b4f5a5",2024-03-04,14,7,6,NA,NA,"air_travel"
"fe92b7b2-14cd-4588-bbfb-5c3ea3a41a35","acordaos","acordaos",198,"5ª TURMA CÍVEL","f07ec5c0df",2024-03-20,9,0,8,NA,50000,"honor_privacy"
"fe9b893f-20d4-478e-93ca-21edbdd200b3","acordaos","acordaos",198,"1ª TURMA CÍVEL","c540fdb8bf",2024-03-06,26,0,14,NA,10000,"credit_listing"
"fea0eff4-30c6-41d0-90bf-ab2773481a58","acordaos","acordaos",198,"6ª TURMA CÍVEL","63076d9700",2024-03-26,15,0,2,NA,NA,"other"
"ff465e0b-2770-43f8-91c8-66eea7746567","acordaos","acordaos",198,"6ª TURMA CÍVEL","0915b060c7",2024-03-26,8,0,6,NA,4000,"wrongful_death"
"ff475ac8-6047-4f61-949d-08a1eff98e15","acordaos","acordaos",198,"7ª TURMA CÍVEL","a0f4d91d16",2024-03-06,8,0,3,NA,5000,"credit_listing"
